,name
14,miramax
59,a band apart
1,lucasfilm
306,twentieth century fox
3,pixar animation studios
4,paramount
27,dreamworks skg
2721,jinks cohen
6,rko radio
11447,mercury
8,fine line features
76,zentropa entertainments
119,danmarks radio
157,svt drama
201,arte
321,memfis
591,france 3 cinéma
2996,angel
4524,tv
5358,canal
5755,constantin film produktion
5975,yleisradio
6916,arte france cinéma
7025,westdeutscher rundfunk
7330,blind spot pictures
8659,vrijzinnig protestantse radio
9349,film4
11239,liberator
14937,icelandic
17513,film i väst
30268,pain unlimited gmbh
53667,trust film svenska
53668,cinematograph a s
53669,what else? b v
53670,filmek a s
53671,lantia cinema audiovisivi
5,columbia
9,gaumont
12372,universum film
2,walt disney
130,jerry bruckheimer
39121,super cool manchu
33,universal
1522,neal street
14440,red wagon
19934,motion picture kappa
163,revolution
60,united artists
26663,zoetrope studios
171,malpaso
6194,warner bros
18,gracie
10039,anonymous content
10059,this is that
10146,focus features
5084,altavista
11230,zeta
19936,second mate
12,new line cinema
429,dc comics
6363,benderspink
385,stanley kubrick
8411,metro goldwyn mayer
507,atlas
17031,classico
357,vía digital
10565,good machine
11736,el deseo s
11737,antena 3 televisión
23,imagine
24,mikona productions gmbh
97,castle rock
84,tree line
85,konrad
86,catfish
711,fox
6402,mars media beteiligungs
126,lakeshore
1171,epsilon motion
16311,albert s ruddy
288,bbc
686,tiger aspect
694,studiocanal
718,arts council of
10163,working title
10462,wt2
924,the turman morrissey
11308,savoy
44,cruise wagner
56,amblin
8601,tim burton
98,detour film production
491,summit
506,newmarket capital group
598,team todd
34446,i remember
5798,shaw brothers
7965,the ladd
724,beijing new picture
2269,china film co
11509,warner independent pictures
29,topcraft
675,forward pass
52844,motion picture eta
52845,foqus arte digital
52846,metropolis
22376,plunge pictures llc
137,great american films
12360,vestron
30,eddie murphy
9195,touchstone
11533,valhalla motion
10288,don simpson jerry
558,lisberger kushner
1645,scott free
21904,mill
21905,c l
21906,dawliz
82,renn
83,france 2 cinéma
146,handmade films ltd
1382,polygram filmed
13419,ska
21920,the steve tisch
441,columbia pictures corporation
46059,italo judeo
46060,bill phillips
1972,x filme creative
20448,u drive
840,lawrence gordon
1302,davis
1885,silver
5263,amercent
5264,american entertainment partners
3287,screen gems
10282,silver screen partners
37,gramercy
7,dreamworks
79,village roadshow
80,the zanuck
45778,plan b
55512,theobald film
11,wingnut
5237,the saul zaentz
286,fantasy
10342,studio ghibli
12516,nibariki
20192,nippon television network
2092,mike zoss
5870,studio canal
6780,televisión española tve
9335,canal españa
185,pandora cinema
2214,flower
3334,adam fields
1246,river road
3997,alberta film
45,road movies filmproduktion
6116,argos
58,sony pictures classics
2798,columbia pictures film
12205,edko
20289,asia union film
20290,united china vision
20291,zoom hunt international
528,bandai visual
882,toho
3363,mainichi broadcasting system
6999,kodansha
9155,tokyo movie shinsha
10919,tms
10920,akira committee company
10921,sumitomo corporation
70,american zoetrope
923,legendary
9993,dc
9996,syncopy
129,section eight
172,npv
2596,jerry weintraub
24939,wv films ii
12202,wv films iii
11355,jurow shepherd
763,intermedia
1178,pathé pictures international
19116,imf internationale medien
284,dna
10889,british film council
3166,walt disney
35,lions gate
2061,twisted
23019,evolution
55405,saw productions inc
559,tristar
932,mirage enterprises
11581,misher
20194,motion picture jota
766,blue tulip
26265,ronald shusett gary
76068,digital image associates
14315,section eight
70319,sunset gower studios
88,hawk
308,the weinstein
816,filmengine
826,capitol
1204,ascendant
2116,vip medienfonds
21962,the complex studio
7405,dimension
10807,troublemaker studios
53009,miramax
11005,ar
11006,aldamisa
13241,demarest
29076,solipsist
41658,residaco
4606,zweites deutsches fernsehen
7110,les films ariane
20091,rai radiotelevisione italiana
45693,cristaldifilm
592,claudie ossard
4411,mmc independent
12000,tapioca
23446,sofica sofinergie
25020,victoires
27897,filmstiftung nordrhein westfalen
30994,union générale cinématographique
4564,icon entertainment international
11353,b h finance
120,scorsese
564,industrial development corporation
1205,endgame
2760,miracle
7495,sixth sense
11912,mikado
19834,inside track
1053,got
64651,saw
41,orion
1280,pacific western
3952,hemdale
4764,cinema
7745,euro film funding
49,el deseo
1553,selznick international
43,fox searchlight
54,the independent film
307,ifc
1422,killer
11351,hart sharp
6735,participant media
7786,filmworks
20665,4m
20666,mid foundation
1153,act iii communications
90896,the body
90897,act iii
105,ciby
11840,film victoria
39250,house moorhouse
11561,recorded picture company
10211,alfran
219,the mirisch corporation
11982,ashton
536,the coppola
508,regency enterprises
644,alcor
4198,ixtlan
10104,new regency
68551,j d
32,buena vista
1044,franton production
3434,david l wolper
7576,eon
10761,danjaq
68,big primate
69,mfpv
355,r p
2979,etic
6732,runteam iii ltd
100,avon production
109,rome paris
1714,les films concordia
10000,compagnia cinematografica champion
4357,the guber peters
19231,patalex iii productions
55072,strong heart demme
7733,laurinfilm
7734,subterranean productions llc
7735,subterranean productions uk
7736,underworld produktions
574,lightstorm
14723,carolco
61409,t2
11241,the mirisch
1312,the mount
893,stanley kramer
11273,circle
2448,yari film group
8888,the samuel goldwyn
80277,desert hearts
7340,c
23636,mostow lieberman
136,city light
6586,tps star
11911,partizan
104,canal plus
147,fidélité
148,gimages
149,foz
150,headforce ltd
208,bac
22456,five roses
158,spyglass
159,shady acres
160,pit bull
164,rhombus media
813,dinovi
52945,frantic
52946,maple shade
52947,catwoman
342,davis
3322,august
10210,morgan creek
1088,alcon
1089,witt thomas
4096,icon
567,office kitano
6516,tokyo fm broadcasting
11562,fuzzy bunny films
11563,little brother inc
13,universal studios
178,ghoulardi film
179,the magnolia project
218,rafran cinematografica
11386,finanzia san marco
46,wdr
181,channel four
182,jvc
183,le studio canal
184,locus solus
186,pyramide
187,victor musical industries
11345,stillking
12808,big beach
54285,telegraph
194,hobby
195,pole star
19747,brandywine
444,dune
445,major studio partners
682,peninsula
1531,smart egg
206,star partners ii
209,radiant film
210,süddeutscher rundfunk
1704,bavaria
11344,twin bros
4319,40 acres a
10212,orion nova
10481,jolly
19498,ocean
903,david brown
65781,fat free
248,impact
264,studio babelsberg
19828,lonlink
19829,kut
19835,charenton productions limited
76043,revolution sun studios
1684,chenault
213,cooper s town
214,eagle vision inc
11715,manitoba film and
12200,province of british
54280,infinity media
54281,a line
215,double feature
216,jersey
11728,camelot
11729,large s ark
2630,majestic films international
12204,tiger moth
5888,walt disney
10221,walden media
31080,polygram filmed
23449,american empirical
250,canal polska
260,heritage
266,agencja produkcji filmowej
267,beverly detroit
268,filmfernsehfonds bayern
269,filmboard berlin brandenburg
271,mainstream s a
4247,filmförderungsanstalt
10201,interscope communications
19150,telewizja polska
31087,runteam
9383,blue sky studios
11749,twentieth century fox
10715,alfred j hitchcock
7508,produzioni europee associati
42498,arturo gonzález producciones
806,téléfilm canada
21953,feature film project
22207,cube libre
22208,harold greenberg fund
22209,odeon
22210,ontario film development
22211,viacom canada
347,centropolis
11362,mark gordon
54502,mel s cite
191,senator film produktion
1784,partizan
227,happy end filmproductions
228,filmpool nord
6339,solar films inc
6416,svensk filmindustri
15547,intial
240,bazmark
1490,kintop
2406,filmförderung hamburg
2452,uk film council
10887,y
10888,mediana productions filmgesellschaft
273,tatira hiller
4051,warner brothers seven
251,avenue pictures
258,scott rudin
12145,shaft productions ltd
261,samuel goldwyn
262,independent film distributors
3632,romulus
2253,lawrence bender
23201,be gentlemen limited
278,propaganda
279,single cell
20567,four by two
3982,darkwoods
285,live
1632,lionsgate
26198,dog eat dog
449,virtual studios
1633,next
14024,irwin allen
18990,radiant
19943,synthesis
28,newmarket
276,guber peters
277,roven
282,bookshop
283,notting hill
289,ingenious film partners
290,ingenious media
291,perdido prod
10898,légende entreprises
11583,syalis da
11584,de fina cappa
297,aardman animations
521,dreamworks animation
4021,the halcyon
4022,wonderland sound and
10717,shamley
316,wildwood enterprises
93380,eleventh street production
93381,jon kilik
20555,taurus
54050,linson
54051,atman
54052,knickerbocker
10281,kent
320,trollhättan film ab
3221,sveriges television
7777,slot machine
12023,nederlandse programma stichting
12045,isabella films b
12390,wdr arte
53873,something else b
53874,sigma
53875,zoma films ltd
53879,norsk tv2 as
19551,marvel enterprises
326,laura ziskin
430,lonely film productions
431,donners
432,branded entertainment batfilm
433,weed road
434,3 art
435,di bonaventura
1073,gordon
23434,big bug
11462,alphaville
49325,parkes macdonald image
364,the rank organisation
1865,zanuck brown
335,tig
336,wiedemann berg filmproduktion
337,creado
7333,bayerischer rundfunk
20076,handmade
58752,python
333,original
26281,ardustry
11391,tribeca
11407,baltimore
341,silent hill dcp
55914,konami
8253,skylark
19927,government of malta
14120,the directors
11084,parkes macdonald
345,o2 filmes
346,videofilmes
856,wild bunch
10954,globo filmes
11444,lumiere
11445,hank levine
11446,lereby
50819,natant
372,groucho ii film
375,heineken branded
205,mirage
396,slm production group
803,alliance atlantis communications
7383,kennedy marshall company
17032,barry mendel
986,degeto
2278,eos
2683,rai cinema
3391,österreichischer rundfunk
7201,norddeutscher rundfunk
152,icon
14718,radar
20634,bedford falls company
1236,mandalay
13040,kasdan
4267,delphi
47565,black rhino
3978,robert stigwood organization
353,kino vision
354,orly
2188,artisan
3315,origen producciones cinematograficas
3823,tf1 films production
11352,prominent features
500,goldcrest films international
502,international film investors
7049,enigma
358,noel gay motion
359,figment
360,geffen
361,blue parrot
9168,bad hat harry
31892,loew s incorporated
11358,little bird
13721,winkast film
24905,union
370,melampo cinematografica
236,october
373,asymmetrical
374,lost highway
365,nelson
367,kemp
368,splendid
381,campanile
382,newman foreman
37667,aspen productions
79024,ingo preminger
81,plan b
7636,nimar studios
19107,helena
19108,latina
388,horizon
1448,pro ject filmproduktion
8366,road movies filmproduktion
36229,wim wenders stiftung
23370,constant c
393,mact
394,videofilms
395,riofilm
398,egg
399,show east
436,1492
7364,heyday
437,heyday
462,patalex iv productions
43910,south side amusement
406,havoc
2242,everyman
11272,peregrine
1317,charles k feldman
413,proscenium
3462,walter shenson
11506,maljack
414,fountainbridge
415,laurence mark
50830,finding forrester
418,new south wales
5186,the australian film
7832,ciby
14089,jan chapman
862,the kennedy marshall
915,hollywood
469,hemdale film corporation
470,recorded pictures
472,soprofilms
473,tao
474,yanco
443,big talk
53047,de wolfe music
53048,inside track
450,anarchos
7307,medienboard berlin brandenburg
23889,fünfte babelsberg
455,permut presentations
456,wcg entertainment
458,douglas reuther
25358,krane
11705,los hooligans
416,python (monty) pictures limited
463,michael white
464,national film trustee
465,twickenham film studios
294,new zealand film
466,avalon nfu studios
467,renaissance
3102,renaissance
47380,rosebud
476,underworld
8880,winkler
477,hughes
2570,bona fide
501,indo british
503,national film development
504,carolina bank
485,vinyl
7293,dreamworks
10230,blue wolf
494,avco embassy
495,edi
498,debra hill
497,revolution studios
484,de laurentiis entertainment
2767,mace neufeld
676,monarchy enterprises b
505,cruel
554,silver screen partners
516,seven arts
517,allied artists
518,transworld
10324,william castle
519,11 11 mediaworks
4286,juno pix
65394,cecchi gori
520,pacific data images
606,american werewolf inc
607,lyncanthrope
594,capella international
595,eric s boy
15888,moving
52943,gratitude international
523,camelot
524,canal plus group
525,ixtlan
526,roxlom
532,morpheus
7339,hyperion
11356,horizon pictures
6226,penthouse
10208,long road
541,famous players ltd
542,guardian trust
543,filmplan international ii
8263,emi
11458,julia phillips and
10308,dino de laurentiis
255,paradis
19858,shanghai film group
26492,jet tone
545,ten thirteen
20743,imagine films
553,barclays mercantile industrial
549,swanford
551,mandalay
22182,kc medien
24136,reperage
24137,dos
24138,mp film management
552,dark horse
10217,walt disney feature
762,mutual film
1176,lorimar film
18737,nfh
8791,sherwood
80461,carolco international n
964,keith barish
965,taft entertainment
6068,hbo
23005,braveworld
560,film colony
94856,robert evans
563,movieworld
565,uk film tv
566,national film video
20004,zanuck company the
12943,apjac
571,highland
28205,samuel goldwyn company
1353,hanna barbera
582,hachette première
14755,sofinergie
23677,fondation gan pour
25021,constellation
25022,union générale cinématographique
25023,sofinergie
25024,investimage
584,norma
311,procirep
590,constellation
850,eurimages
851,media programme of
1871,cofimage
6639,televisión española
7237,tele münchen fernseh
8170,club d investissement
12009,elías querejeta producciones
18367,centre national de
25129,lumière
47532,canal
68517,studio image
79437,cofimage
79438,ossane
79439,phoenix images
11496,jalem
597,irish dreamtime
71975,roy export company
599,solar
601,blake edwards
1174,delphi v
44425,ml delphi premier
631,parkway pictures
638,laurel group
83715,dawn associates
572,new amsterdam
655,strike
656,metropolitan filmexport
657,toho towa
78685,cruel and unusual
2605,gran via
620,centropolis film
2833,independent pictures
11343,fried
5739,donner shuler donner
14323,compass international
22814,falcon international
51199,munich film partners (mfp) mi2
658,mi
14714,china film group
22102,the fourth production
617,brooksfilms ltd
1315,charles chaplin
20931,alpha
611,bryna
10330,universal international pictures
612,artists entertainment complex
57435,applecross
57436,reperage vanguard
623,mc
15298,malpaso
630,ipc
22820,rossen
634,abc
635,les films alain
636,babbo inc
637,the picture factory
2306,fontana
646,d antoni
73950,schine moore
654,south pacific
25,20th century fox
1644,largo
4248,jvc entertainment networks
662,turman foster
664,city
225,bim distribuzione
707,matador
744,diaphana
1898,bórd scannán na
2274,element
3012,pathé distribution
5267,irish film board
7680,tornasol
12695,sixteen
12696,regent capital
19929,emc produktion
19930,cinéart
19931,tv3 television network
19932,filmcoopi zürich
19933,oil flick films
18138,playfilm
838,paramount vantage
2531,media rights capital
11258,central
247,granada film
866,pathé renn
10843,future
16804,france 3 cinema
679,timnick
2370,merchant ivory
696,rogue marble
6370,quinta communications
16923,zephyr
20394,young hannibal
20395,carthago films s
7295,relativity media
11370,michael de luca
20241,crystal sky
20475,gh one
20476,vengeance productions pty
685,cineclick asia
822,happinet
945,cheongeoram
946,cj capital investment
771,mandate
1973,three strange angels
23890,hal lieberman
60611,lauren levine productions
6332,dune entertainment iii
10405,emmett furla
6125,walt disney animation
2994,hollywood gang
2995,atmosphere entertainment mm
20478,moving picture company
3463,imagi animation studios
30900,mirage studios
70995,imagi production
20783,fiction
6455,edward r pressman
15231,muse
689,ventanarosa
690,handprint
695,lee daniels
348,bedford falls
705,spring creek
7380,initial entertainment group
20938,liberty
1615,fortissimo
1616,process
1617,q television
706,sputnik oy
6438,muse entertainment enterprises
7503,protozoa
1101,bésame mucho
1102,producciones anhelo
10932,the criterion collection
11489,hbo cinemax documentary
12247,thinkfilm
89129,creative visions
93091,red light
93092,sundance institute documentary
1423,escape artists
12485,overbrook
1420,contentfilm
2029,estudios picasso
7470,esperanto filmoj
11628,tequila gang
829,vertigo
5552,media asia
753,nouvelles éditions de
1208,rising star
2875,ikiru
7956,castelao producciones
11104,time film und
26136,vif babelsberger filmproduktion
26137,dog eat dog
26138,iconolatry productions inc
26139,salter street films
26140,united broadcasting inc
11955,sogepaq
716,standard film
713,nu image
714,3l filmverleih
21497,starlite
1187,michael london
12260,bob yari
25432,bull s eye
52740,contagious
10899,due west
10900,cyrkfilms
10901,ministère de la
10902,spanish ministry of
4258,fortis
4169,kanzaman
19477,dune
19478,bk
19479,koh
19480,reino del cielo
19482,inside track
19483,calle cruzada
17823,alive
47030,koppelmann bandier carnegie
47031,capella
2521,golden harvest
969,golden harvest
53677,clearwater holdings limited
245,cowboy
698,scottish screen
6705,filmfour
20369,slate
20370,tatfilm
11317,phoenix
780,red wagon
919,beacon communications
7385,kalima productions gmbh
11463,edge city
841,pathé
21854,star partners iii
7458,cubicle inc
5738,stonebridge
732,mate producciones s
785,sociedad general de
2890,fox atomic
10890,koan
890,cheyenne enterprises
11845,wintergreen
1504,cinergi pictures
734,producers circle
8797,storyline
939,new legacy
53530,constantin film ltd
1554,transatlantic
735,waverly
2348,nickelodeon movies
8647,new century
21409,mfp munich film
88628,sor
11770,liberty films
1271,pariah entertainment group
23651,grand slam
2575,21 laps
41248,nancy tenenbaum
691,cappa
7429,hbo
867,anka
6896,europacorp
11746,daybreak
11747,prime universe
11142,cinema group ventures
34,sony
23397,donner shuler donner
73949,kirchmedia
35304,blue tulip
2087,blackfriars bridge
19528,apolloproscreen filmproduktion
25433,dej
25434,harris
1560,roth arnold
64,les productions artistes
20396,kernos filmproduktionsgesellschaft
14159,seven arts
79298,mkh
7658,buena vista international
8661,alliance de production
66329,l institut polare
66330,national geographic
66331,bonne pioche
1693,nina saxon film
2233,bristol bay
2234,baldwin entertainment group
8833,anvil
1786,dark castle
15763,eyetronics
19965,chime
1507,international production
1631,raw nerve
17793,hostel llc
1212,empire
3589,kouf bigelow
78338,hiett designs of
78339,runway pictures inc
22542,apjac international
1811,filmcolony
23238,vip 4 medienfonds
420,marvel studios
25121,mvl incredible
8268,seven arts
90571,mirisch
877,casey silver
3393,huayi brothers
20242,imhotep
19643,sommers company the
831,saturn
8000,broken road
2315,paramount classics
959,indieprod company
11731,bavaria film international
1156,conundrum
7430,fearmakers studios
824,kopelson
11844,kaplan perrone
59957,mmcb film produktion
2608,happy madison
19813,flower films
1444,cannon group
1445,golan globus
884,tps cinéma
2568,lunar
10572,ce qui me
15671,france 2 cinéma
1206,entertainment manufacturing
21938,copag v
6644,lions gate
16934,view askew
1584,itc
3537,e k
2301,marvel
2598,hasbro
3313,sunbow
2481,platinum dunes
20011,sprocketheads
22826,hasbro studios
1591,rhino
53460,fear and loathing
53461,shark
774,valkyrie
6542,pricel
12387,tohokushinsha
20637,commission du film
20638,commission du film
987,usa
58333,compulsion inc
58334,splendid medien ag
778,las producciones del
779,lucky red
20295,sociedad general de
349,cruise wagner
692,sogecine
784,himenóptero
7248,union générale cinématographique
10050,televisión de galicia (tvg) s a
11408,ministerio de cultura
12012,eyescreen s r
28812,filmanova
788,bel air
533,janus
51861,dovemead
51862,film export a
7505,marvel
1309,rainforest
799,carlyle
802,egg
804,natural nylon
805,serendipity point
807,the harold greenberg
808,the movie network
809,union générale cinématographique
20170,canadian television fund
810,persistent
20376,kalis productions gmbh
20377,unfinished
2152,greenestreet
11152,radical media
814,isabella films bv
1711,ognon
11499,alan young
12927,canal television ab
23207,invicta capital
25491,edith film oy
55428,manderlay
817,katalyst
5612,brooksfilms
3086,image
4588,egmond film television
10926,pacifica
54997,wr universal group
828,ultra
11473,a j o
768,ghost house
830,senator international
4154,colombia
4710,fellah
2617,ozla
11341,stage
10881,bernd eichinger
7419,scion
33680,blue sky
36615,potboiler
539,block
540,jet tone production
839,lou yi inc
45194,rodriguez international
3324,british broadcasting corporation
4650,marubeni
19105,eidos interactive
14362,october
7396,pathe
19238,two brothers
376,industry
846,2929
859,saga
5545,mobra
35020,mindshare media
69462,centrul national al
73925,mccann erickson
73926,televiziunea romana
73927,hubert bals fund
1997,banques populaire image
6301,cinécinéma
11433,c r r
11434,région nord pas
315,filmstiftung nordrhein westfalen
1760,dorje
75411,bkm
75412,kulturelle filmförderung schleswig
75413,nordmedia fonds
858,tessalit
869,dee gee
870,tapestry
34207,prufrock
65403,imf internationale medien
872,george street
873,the lloyd segan
879,out of the
9269,global entertainment productions
11027,stratus film co
26947,syndicate films international
26948,equity pictures medienfonds
26949,hostage
19507,outlaw productions
902,azl productions
904,mfp munich film
905,phase
906,revelations
1143,sound for
19354,mediastream vierte film
19355,canlaws
10157,beacon
18619,cobalt media group
921,next wednesday
922,senart
10103,via rosa
13816,hyde park
76083,ugc da international
19097,junction
175,caravan
3638,the jacobson
22103,red horizon
1403,franchise
51772,nine yards
53013,rational packaging
53014,lansdown
927,palace
9076,seed
10893,big screen
10370,spectacle entertainment group
21438,nightfall
36907,hilary henkin
3418,famous films
22847,international film corporation
3169,zide perry
8812,channel
11043,a m
4164,square usa
20033,chris lee
966,monarch
2428,wolper organization
8848,mhf zweite academy
23787,eclipse catering
51771,nine yards two
16061,baltimore spring creek
972,current
973,immortal
73954,quality growth international
978,across the river
979,woods
427,pso international
991,totally independent
12552,marty katz
19902,prelude
30253,saltire
79401,windsor
10355,spelling
10320,carolco
1002,eureka
12178,red hour
4741,nu image entertainment
10254,millennium
10885,equity pictures medienfonds
10886,16 block
27023,kestrel
78875,earth girls
58248,unfaithful filmproduktion gmbh
2743,astral media
11550,corus
16880,shine
20244,kudos film and
6100,achte babelsberg
1031,filmazure
1032,pirol stiftung
1033,victoires international
1473,depth of field
1938,scholastic
1038,bazelevs production
1039,channel one russia
1040,tabbak
5374,marv
23420,vaughn
38005,neufeld rehme
21451,american entertainment partners
1370,castel film romania
10102,cattleya
3592,warner bros family
8816,northern lights
55527,courtside seats
20360,internationale filmproduktion blackbird
2265,shangri la
11395,imagemovers
24955,paramount animation
1072,mysterious arts
14150,orion pictures corporation
1075,europa corp
3800,sunlight
11708,madison
1094,homerun
1095,portman entertainment group
1096,rich pickings
1097,sky
1098,wave
47,constantin
356,tf1 films
1992,la petite reine
1994,tri
1995,sorolla
1996,novo rpi
8676,ufilm
11921,le tax shelter
20409,les editions albert
13579,george stevens
22058,krisjair
22059,laredo
11440,ozumi
11441,propeler
11442,silverbell
2735,mid atlantic
49243,the princess bride
49244,buttercup films ltd
7384,hypnotic
11346,motion picture theta
11347,ludlum
11348,motion picture beta
11349,bourne again
562,appian way
3201,merlin
1172,hyde park
1173,shopgirl
1175,frostbacks
65402,jlt
11134,iguana producciones
1519,a b producoes
10164,popaganda
12355,vulcan productions inc
908,mystery clock cinema
23310,karol film
1194,kadokawa shoten publishing
1195,omega project
12236,blinding edge
67992,cornelius
4171,playtone
67171,new redemption
1565,avery pix
1274,clinica estetico
8856,intermedia
23227,magnet
1460,loew s
2200,liveplanet
7154,one race
1258,michael todd
1757,mad chance
2231,trilogy entertainment group
11262,imagine films
3929,robert simonds
49326,underground
49327,proposal
2378,offspring
70994,zadan meron
1267,ecosse
2689,2 entertain
6342,bueprint
48755,chaplin film productions
8310,american filmworks
13495,flashpoint
18880,showtime networks
1296,crossbow
1297,gruskoff venture
1298,jouer limited
1272,the first channel
1301,joseph m singer
2409,red lion
1316,monterey
7047,paramount pictures corporation
1323,florin
1324,jerome hellman
7381,alberto grimaldi
52944,lotus
3032,nippon shuppan hanbai (nippan) k k
3656,gaga
5073,wowow
11538,am associates
11539,kobi co
11540,mf
2030,participant
14175,davis
20451,redbus
51850,tohokushinsha
2273,eden rock media
11929,dear film produzione
1063,brightlight
380,thousand words
11510,detour filmproduction
17825,seagal nasso
21480,victor company of
63906,cutting edge
1363,haft
1443,matchmaker
1836,contrafilm
1838,firm
90663,brian grazer scott
1464,summer knowledge llc
23126,starling
7747,storefront
1483,redeemable features
61337,dollface
1512,john wells
2506,dreamachine
7416,film entertainment vip
14737,grey water park
17594,john goldwyn
72153,wells
11537,laika
57751,patalex
1532,sho
8116,wind dancer
4354,geffen company the
1539,fuller
1561,pegasus film partners
14361,jaffe lansing
12087,angry
1550,evamere
11843,goldcrest
538,emi films ltd
1581,mersham
1601,maven
1600,craven maddalena
1607,gold miller
1608,wayans bros
10958,brad grey
1569,yash raj
12246,mdbf zweite filmgesellschaft
12067,kumar mobiliengesellschaft mbh
1643,first independent
1646,trap two zero
748,mosaic media group
1649,reforma
1656,pangaea
16779,georgetown productions inc
17611,sean s cunningham
11252,jesse films inc
24339,horrorflix
1683,andell
21911,brat na pont
1894,josephson
8908,andalasia
8909,right coast
1685,hofflund polone
7795,indelible
7302,filmax
9974,instituto de la
52107,icf
1694,darren star
3268,home box office
8931,stars road
11249,farah films management
11250,buckaroo
10227,mandeville
21410,s o a
7036,cj
11340,studio box
1722,copa del oro
10098,dorset
10099,robert h solo
769,destination
11278,inferno distribution
12622,darko
87783,eden roc
95289,cherry road
95290,academy
15278,british broadcasting corporation
23932,ugc ph
1809,im filmproduktion
1810,cosmic
1755,allied filmmakers
328,tla releasing
11200,buena vista home
11847,mitsubishi
12518,d rights
74952,tohokushinsha film corporation
22695,smokehouse
1783,jaret
10105,apatow
53666,triple threat talent
8083,film rites
1824,gravier
6538,antena
8530,televisió de catalunya
12010,mediapro
30131,southpaw
10040,level
1668,riff raff film
4753,filmauro
10671,blue flower
10672,brooklyn films ii
1875,produzioni de sica
1861,polish brothers construction
10880,yuma
11579,the mirisch production
14829,mirisch
1882,outov
1867,golden mean
53061,jessie nelson
53062,david dobkin
614,vanguard
1718,odyssey
46875,nitrogen studios canada
3417,ctv international
7406,jtp
19718,battlefield
10566,clipsal
1903,columbus
1951,aspen film society
1953,de haven
11571,samson
25489,rte
1980,woodfall film
28537,sentinel
33433,furthur
2404,yeah
67989,material
22351,the canton
89132,ae two film
89133,angel eyes
2894,360
30334,interal
11503,joseph e levine
8769,art linson
41051,into the wild
4376,first artists
93222,foster brower
48543,united
6304,robert wise
4928,allied artists
60832,corona general
12263,clyde is hungry
12264,pledge
53626,loofah
412,wendy finerman
17449,grosvenor park
58262,birnbaum barber
58263,jackie chan films
58264,all knight
961,roger birnbaum
55852,pistolero productions llc
1988,epic
11393,bregman baer
2019,osiris
7692,world
22902,tripod
616,eskwad
25862,studio image soficas
25863,natexis banques populaires
2070,rastar
23689,village a m
23690,coast ridge
23691,junger witt
55474,stargate studios
371,cecchi gori group
21783,crystal lake
50102,wtc
53063,yannix technology corporation
10930,bagdasarian
2104,tangled web
2106,saban
9255,toei
975,gerber
10158,first knight
2031,playtone production
6092,licht mueller film
737,sidney kimmel
19731,lars
20012,sparkler
20013,nt2
2053,grosvenor park media
10697,laurel
2064,lietuvos kinostudija
2065,scout
2674,telecinco cinema
12370,filmax international
12371,filmax group
2550,teitler
12275,motion picture associates
84423,failure to launch
2154,punch
16775,arnold kopelson
2157,26
12026,gold circle
29018,visionview production
11930,kumar mobiliengesellschaft mbh
7888,screenwest
2088,nala
2089,samuels media
874,cinéa
1049,kasander film
2172,busy bee
60303,magellan
2173,great oaks
11461,bad robot
10991,jon shestack
746,mtv
2184,tollin robbins
827,vip 3 medienfonds
36326,vip 2 medienfonds
73956,runteldat
2201,rickshaw
7161,liveplanet
21002,horsepower
2455,red om
2227,true grit
5357,zero gravity management
18621,pierce williams
2229,red bank
17049,two ton
86256,reiner greisman
2137,le bureau
2138,jaibol
2235,desertlands
12124,j k livin
12125,moguletta
12126,sahara
19481,babelsberg
7981,pathé
11369,sighvatsson
11371,palomar pictures
12379,internationale filmproduktion stella
11050,david kirschner
11231,fox animation studios
2243,hammer tongs
12170,velocity
31604,art in motion
2251,sony pictures animation
57421,grosvenor park impact
2140,aamir khan
2320,utv motion
3202,walt disney studios
3661,pvr cinemas
20992,ternion
76714,jc
1305,l i f
925,nu image
20363,equity pictures medienfonds
58249,resident evil
9137,moonlighting
10884,the department of
446,thinkfilm
2290,hunting lane
2291,journeyman
2292,original media
2293,silverwood
2294,traction media
2297,class
2319,flicks motion
2245,entertainment
2246,material
6847,beech hill
2286,linsefilm
2287,unity
2288,michael cerenzie
11542,funky buddha
384,macdonald parkes
2299,wonderland
11392,ebeling group
11553,beijing happy pictures
29031,kite runner holdings
2300,key creatives
12248,new zealand large
2307,hell s kitchen
2737,davis panzer
6179,thorn emi screen
2333,lamb bear
2662,trans
22240,initial groupe
30655,fallingcloud
2321,green parrot
7250,trinity filmed
11661,rysher
2322,the javelina film
212,infinity features
8582,canadian film or
10316,british columbia
11567,province of british
11575,movie central
23116,poo poo
55990,parnassus
55991,u k tax
270,filmförderanstalt
11238,deutsche filmförderfonds
12346,mitteldeutsche medienförderung
1216,dino de laurentiis
1497,marianne
2325,orsay
2343,red chillies
2397,cohen pearl
11451,mcl films s
11452,walwa films s
2147,echo lake
2332,bi polar
14589,code
35444,independent film group
35445,carol baum
35446,dillinger
35447,green tulip
2339,access
2340,napoleon pictures limited
6196,carnival
2347,fgm
6041,colossal
11534,mtv
310,centre national de
2355,hirsch
11544,les productions du
11545,centre régional des
2363,cold spring
4607,montecito picture company
52942,loumolo co
10573,studiocanal image
10574,uni etoile
3263,odd lot
5627,media magik
7375,dark lot
7376,continental entertainment group
2376,blueprint
20899,twins financing
3631,filmax
17824,larry franco
2439,bee vine
2514,alliance
3033,asmik ace
4887,fox filmes do
11547,ancine
11548,bndes
11549,cinema investment
11551,movie central network
95018,mph entertainment
45689,native pictures
22284,cat
22285,mimosa
1224,intrepid
1268,focus
2482,dead
2483,laurel
5822,toei
16791,newman tooley
21975,joseph nittolo
37103,dia productions gmbh
2484,golar
23423,baumgarten management and
860,celluloid dreams
2458,tartan
11061,motion picture corporation
13298,oregon film factory
13300,stage iii
17106,burg koules
2507,todman simon lemasters
16774,peters
57088,sonnenfeld josephson worldwide
1648,gladden
2510,mundy lane
9118,samuel goldwyn
2478,manhattan project
2471,national geographic society
20344,first light production
2609,de line
1115,m6
6877,grive
11261,m6
23614,all pictures media
2519,debart
2512,harbour
475,jd
19352,mediastream dritte film
23660,geisler roberdeau
15343,trans atlantic
58553,michaels goldwyn
2537,kennedy miller
2539,reaper
19922,doom
19923,distant planet
2982,signature
1533,indigo
2527,marc platt
52145,crying box
11098,the harvey entertainment
53673,cort madden
53904,atr
53905,mmp erste filmproduktions
53906,moviemakers productions
26083,katira productions gmbh
26084,caro mcleod
2729,omnilab media
37774,skyline
2554,quincy jones david
53997,mars production pty
1848,les films d
17931,bridgit folman film
17932,razor film produktion
2526,kickstart
2528,top cow
23955,ringerike zweite filmproduktion
28438,riche ludwig
28439,groucho iii film
24884,ae electra
24885,avalon
995,cinerenta medienbeteiligungs
21784,cinerenta cinebeta
21785,vcl communications
4700,linson
28064,blue light
41756,gh three
4000,maverick
5218,imprint
12292,temple hill
57750,twilight
7893,pacific renaissance pictures
2232,cherry alley
4024,pacific film and
10339,wwe studios
2976,mile high
2977,kevin messick
134,rogue
729,why not
20449,liaison
20450,biscayne
6018,sahamongkol film international
8211,vivendi
2546,peirce
23635,patalex v productions
1950,new world
15338,cinemarque entertainment bv
15339,film futures
15340,rivdel
135,uip
8758,kaitz
8759,mann roth
49696,post no bills
49697,pandemonium
6328,dickhouse
90661,lynch siderow
889,outlaw
12626,boxing cat
4916,penn station
4622,vn
20669,winking
499,de laurentiis entertainment
26032,cineblue internationale filmproduktionsgesellschaft
26033,city
19951,apollopromedia gmbh co
19952,qi quality international
8068,mindfire
12317,team ninja
37134,tecmo
12883,nomura babcock brown
10170,cinemarque
20607,king video
13187,jdi
13190,lemon sky
234,cobo fund
865,motel
1991,motion investment group
2254,egoli tossell film
4508,nederlands fonds voor
12046,fu works
16618,hector bv
21972,media programme of
23192,euroimages fund of
25487,contentfilm international
25488,clockwork
21437,imperial
23770,signature
14160,jaffilms inc
36612,belhaven limited
3388,the movie network
4899,allegro
7958,fuji eight company
23096,fries film group
23097,super ecran
23098,triumph
10828,mdp worldwide
38114,selima films avv
11751,sidley wright associates
20034,illusion
5528,ang lee
65082,shutt jones
6971,bergman lustig
5682,o
2364,the montecito picture
48772,hard eight
48785,matinee
48788,practical
13630,darryl f zanuck
11600,bungalow
11601,silver lion
11602,vision view
60378,callahan filmworks
7741,landscape
7742,john us
5752,sony pictures
4174,threshold
81127,el corazon producciones
7588,world wrestling entertainment
95342,sea side films
496,david foster
2199,horsepower
12213,core
12214,munich film partners (mfp) core
23246,rcs video
45728,cliffhanger
45729,pioneer
53012,blue sea
2777,black white
7053,catch
3803,middle fork
16387,skylight cinema foto
55532,st tropez
55533,cinema line film
3851,no frills film
4748,oscilloscope laboratories
2604,mark johnson
53404,chainsaw productions llc
11259,babylon
11260,babylon films limited
20240,mnp entreprise
16192,hera
53610,ar tl
3567,room
2203,onyx
5381,backup
7089,france2 cinéma
1107,seven
7930,olga film
2932,red hour
2933,tenth planet
10692,vh1 television
2007,imperial filmproduktion
10895,cometstone
787,3 arts
897,taurus
3415,polar
11037,efve
2848,hoyts film partnership
33088,behavioral problem productions
8764,redwave
2822,snl studios
69626,tales from the
69627,universal city studios
8770,allied stars ltd
11232,fox family
11233,the big gun
11234,little wolf
12872,penthouse films international
12873,felix cinematorgrafica
3480,illusion entertainment group
45518,calimari
3816,wadleigh maurice
3526,concord productions inc
14665,sequoia
22289,moonstone
41048,elysian dreams
41049,kudzu
10239,tall trees
53007,black and blu
53008,finestkind
19098,green hills
8835,skellington productions inc
8821,management company entertainment
4028,crowvision inc
4029,entertainment media investment
4030,jeff most
67780,ggr
67781,zupnik cinema group
93603,rv camping productions
51903,cantharus
4952,canadian film development
6160,filmplan
6161,victor solnicki
47396,mantle clinic ii
23022,close call
514,silver screen partners
3078,hbo
1070,milagro
2193,doro fiction
16850,apollomedia distribution
19944,carousel picture company
46195,luxembourg film fund
48618,filmyard underwaterdeco
48184,hoya
2090,motion picture corporation
1242,reteitalia
2851,zucker brothers
18620,artists production group
13473,michael lobell
6556,alphaville
21447,david ladd
55528,oak
3470,stone group
42226,palisades california inc
5280,oak
80485,lone wolf
2752,dentsu music and
3196,tezuka production company
4288,madhouse
4673,king record co
9068,kadokawa shoten publishing
11073,sony pictures television
11671,studio 4 c
44803,imagica corp
44804,metropolis project
12288,nintendo
1606,brillstein grey
8874,n1 european film
14652,baumgarten merims
2812,lion rock
22536,solomon hackett
20157,kmp film invest
22540,new breed
87840,dozen canada
53238,ghost ship films
76460,st michael finance
76461,artistry limited
76462,investors in industry
76463,robert fleming leasing
8831,mad max
11962,crossroads
7488,production champion
7489,vivi
7585,delphi ii
8805,industrial light magic
3241,electric
6277,skydance
6362,flyboys
27349,freddie fields
3801,vip 2 medienfonds
15081,rimfire
8802,longfellow
33617,jack and henry
12157,sideways productions inc
22443,nu image entertainment
25061,evansgideon lazar
11429,hit run
8073,nick wechsler
46458,jonathan krane group
20453,wicker man
84893,bewitched
7512,georgetown productions inc
7513,jason
93280,friday four inc
26149,kumar mobiliengesellschaft mbh
3683,limited edition productions
3528,thunder road
23596,paul schiff
74192,eketahuna llc
17491,milkshake
17492,hargitay hargitay pictures
2796,wild west picture
21143,lolita
21518,simon fields
10067,alloy
3242,base
90195,corrupter production service
90196,takoma
90197,kiss nation
7937,sonet film ab
24902,macari edelstein
89895,limbo
22393,babe
26260,ministero per i
26261,film commission torino
79209,no such
26282,mediastream film gmbh
11357,atlantic television
67109,rocking chair
3564,rick lashbrook
3539,odyssey
38504,really useful
8089,animal logic
13549,golan globus
38215,cannon
53473,canal droits audiovisuels
26423,brownhouse
65559,bottom of the
13769,lynda obst
43717,hacienda
1380,australian film finance
2806,south australian film
6016,403
6017,true crime channel
2480,alliance communications corporation
3857,fireworks
145,gaumont columbia tristar
24211,stan winston studio
24212,media cooperation one
53350,dcp wrong turn
1557,the mark gordon
58323,c o r
58324,hoytyboy
58325,nigel
84419,legendary
89136,dna
12269,shadowcatcher
12270,daniel bobker
12271,brick dust productions
8003,ultravi
56181,domino
14719,baltimore spring creek
48638,face
10531,silver screen partners
19552,horseshoe bay
19553,elektra
19554,sai
1225,one race
9037,yari film group
95293,bob debrino
95294,bde
95295,crossroads entertainment
95296,three wolves
127,screen gems inc
29602,hungry eye lowland
29603,flan de coco
2779,blue star
22039,scarecrow
21919,white eagle
5556,universal animation studios
2268,isle of man
7289,weinstein company the
22514,samuelson
7311,kerner entertainment
2773,broken lizard industries
854,sofica europacorp
2525,avalanche
2180,outerbanks
11742,jay weston
23895,storm king
51312,animationwerks
10165,new century entertainment
10166,alliance
59346,turbo
12029,curmudgeon
2748,clubdeal
66739,qian yian international
66740,danny the dog
41963,nuamerica
38085,vbt
38086,ballpark productions partnership
4194,karz
95343,milestone
95344,alberta film development
95345,chuck
19523,afg talons
20352,nde
54336,cent productions inc
11670,producers sales organization
22297,jonesfilm
22298,galactic
22299,triple ajaxxx
2755,dante
2978,crusader
2980,forge
2981,qi quality international
87847,coco
87848,film
87849,jericho productions ltd
87850,mff
87851,matrix film finance
87852,scenario lane
7480,comedy central
37845,principato young
89635,high sierra carpeting
22927,raygun
22928,rosey film productions
19636,thirteen
3245,first national
1887,lorimar motion
5231,cineplex odeon
8814,ten four
5555,global medien
58331,franklin waterman
30833,visual arts
14722,triptych
71989,dimension films
90249,im3
1468,ferndale
14063,granada television
40605,radio telefís éireann
5570,allied vision
3495,steamroller
23308,victor grais
51190,internationale filmproduktion blackswan
22056,midnight picture show
20154,mad hatter
1163,larger than life
20374,earth canada
20375,hammerhead
36390,3 arts
3538,gunn
53413,80 days
53414,spanknyce
53416,fitzwilliam
2516,kuzui enterprises
23236,sandollar
18093,tiger
6254,jim henson company
579,alliance communications
8824,the alfred shay
1566,spanky
4255,kings road
3034,tv tokyo
3035,4 kids
5261,shogakukan production
7967,media factory
12307,creatures
13070,tomy
66289,oriental light and
76467,game freak
76468,pikachu project
76469,jr kikaku
5329,pandora
5367,gaylord
2124,melvin simon
10313,astral bellevue pathé
6366,younggu art movies
11420,showbox
2778,city lights
3645,barwood
8845,ladbroke
8830,touchwood pacific partners
62948,horror inc
4251,anagram pictures inc
369,bungalow
10231,farrell minoff
1782,smoke house
2054,ruby
9350,indian paintbrush
9018,crystal city
10246,cross creek
11448,exclusive media group
8846,peerford ltd
2308,type a
93528,casual friday
3139,off color
14121,image ten
14122,market square
3907,pull down your
23364,todd mcfarlane
11865,twentieth century fox
14373,moulin productions inc
40490,george a romero
21084,image organization
24075,pierre david
2599,blue askew
4384,tempesta
73862,filmways
12968,baumgarten prophet
1702,medusa produzione
10378,cineritmo
10379,film and general
1484,yorktown
27128,the bubble factory
38664,sheinberg
89303,palo vista
89304,peter v miller
23587,screenland
67153,nora ephron
2785,warner bros animation
10619,azoff
272,spelling
4665,addis wechsler
2081,beyond
8724,australian film finance
62139,m a
3410,raffaella de laurentiis
8056,eclectic
87394,suftley
12138,fierce
23956,rogue
4972,platinum
38178,newcomm
60546,rcs
10107,trackform film
54043,munich film partners (mfp) roe production
10472,cruella
28121,h2s2 filmproduktionsgesellschaft
6177,sunn classic
596,kc medien ag
8131,timothy burrill
26670,sunrise entertainment
26671,biride
2726,emperor motion
2727,global entertainment group
19855,internationale filmproduktion blackbird
23202,wigram
2366,virtual
20571,outlander
78806,bill graham
7966,outland
12450,steelwork
12451,mediaworks
76491,supermega
76492,mhf erste academy
5996,bbc
7151,assassin
7799,tf1 international
32803,wind dancer
13158,punch
16838,oak
2811,neo art logic
65507,wes craven
457,constellation
6033,paramount
53005,wheelhouse
53006,motion picture production
49241,daybreak
5891,cecchi gori group
5892,buena vista international
1756,broadway video
89094,m g
13219,mirisch corporation the
72823,technical black
72824,run it up
622,toho film (eiga) co ltd
3045,sony pictures releasing
12282,elmer enterprises
1830,ross hunter productions
22879,havana nights llc
9282,27 films production
10229,new holland
93408,fortyfour studios
4731,double a
23359,peter newman interal
23360,mary breen farrelly
55424,irish film industry
60892,pachyderm production
12548,ufland
35709,hercules
89627,glitter
89628,maroon
63520,sony pictures international
7449,clear blue sky
12006,goldmann
20734,warner bros feature
2645,guy walks into
2522,mediastream dritte
19048,king hitzig
47122,doom buggy
24133,night and day
46051,clifford werber
46052,sw7d
2956,the geffen
16368,hawn sylbert movie
67823,star partners
93580,wonder works studios
19940,kairos
2159,hal roach studios
5093,cinema group
6562,planet
12591,angeles entertainment group
12592,inverness
52197,gatlin
2957,double play
8780,walrus associates
30257,hollywood partners
75937,charenton
1598,nippon herald
3340,dentsu productions ltd
5853,deiz production
5848,columbia pictures industries
29693,a loopy production
29694,2 loop
2623,blue rider
2624,lago
68355,see
3264,columbus circle
18705,highroad
8807,dylan sellers
12027,madacy
4763,fox films ltd
3983,blue gardenia
12207,tatiale
13349,zoetrope studios
4436,disneynature
37350,jackson mchenry company
73997,jacmac
7580,kanbar
49126,blue yonder
12653,pikachu project
89163,kids wb
89164,pikachu project
89165,shoakuken
4730,slough pond
6365,jack giarraputo
23912,antidote films
36452,dominion
3566,spinal tap prod
1138,filmways
10317,cinema
3070,cinema center
5603,stockbridge hiller
280,cinémaginaire inc
4042,astral
9115,société radio canada
9116,société de développement
14390,jerry gershwin
14391,elliott kastner
2918,shueisha
22797,konami digital
50879,studio gallop
89166,nihon ad systems
57347,blue
1062,boll kino beteiligungs
1064,herold
14091,arcola
59951,bisgrove
73955,mbc beteiligungs filmproduktion
12277,the filmakers group
53987,fantail films inc
2920,irish screen
2937,fruit salad
3054,golden way films
2646,deep river
10100,thin man
53600,spartan productions
10222,reserve room
2532,batjac
12187,the alamo
52949,coconut pete
73964,saf
21498,internationale filmproduktion eagle
11493,national film finance
11494,curzon film distributors
48136,british broadcasting corporation (bbc) television
81136,friendly films
76721,nanny mcphee
7997,eurasia investments
1350,parkway
10312,wescom
13309,jack rollins charles
10153,simian
8792,pan arts
12745,british screen
21443,wicked
6452,dentsu
4205,groundswell
6822,jaffe braunstein enterprise
23243,sikelia
15058,casablanca filmworks
14221,white lair
738,myriad
53348,jeepers creepers ii
21241,bushwood
21242,never been kissed
23938,burke samples foster
23940,cub eight
4351,trans pacific
7693,count of monte
4077,crystal sky worldwide
53010,d artagnan productions
53011,q q medien
1202,nippon film development
8876,eurotrustees
2882,neal h moritz
421,amen ra
22110,first foot
22253,sunflower
22254,sarah green
22255,the virginia company
4110,cannon
6231,london cannon
1869,amlf
13221,kingsmere productions ltd
1508,wildgaze
6401,alan greenspan
73953,elc productions ltd
265,runteam ltd
1030,magnolia
67627,red dragon productions
56980,max stronghold productions
96043,humble journey
11482,cranium
76167,cominco
76168,accent
6422,sullivan bluth studios
57206,xuxa producciones s
254,pandora filmproduktion
793,galatée
8453,télévision suisse romande
10046,wanda visión s
11402,conseil régional de
17873,les productions de
6128,a team
8808,mcelroy mcelroy
2763,tonic
22953,down home
22954,cabin
22955,black sky
22956,deer path
4988,frank yablans presentations
12283,miller milkis
20719,manifest film
13954,rollins joffe
47635,ed friendly
79036,big lou house
15342,fifth avenue
53458,lakeshore international
8040,casey
3057,katzka loeb
5940,avala
17411,polar
3097,hdnet
22884,the film farm
81128,dirty hands
17887,midnight sun
2655,internationale filmproduktion richter
34441,littlestar
1393,tokyo broadcasting system
3360,appleseed film partners
3361,digital frontier
3362,geneon
3364,micott basara k
3365,tyo
2780,cube vision
2504,jim henson
15980,incorporated television company
24931,henson associates
1819,cinema
1657,greenwich film
8886,herald ace
8815,r r
46108,ubu
3244,media pro
4176,nord ouest
10441,the bureau
11773,artémis
27352,wv films iv
7220,capcom
55518,romero grunwald
55519,exception wild bunch
10698,john ford
10478,polsky
11265,osiris
11266,lieutenant
32178,aurora
90400,mrs brisby ltd
90512,don bluth
217,ponti de laurentiis
8989,talisman
7401,delphi iv
7402,vistar
1917,em media
2690,screen yorkshire
3519,big arty
2659,starz media
2885,starz animation
81138,studiopolis
81139,vanguard animation
11573,corus
55258,white noise uk
3748,shree ashtavinayak cinevision
4063,trimark
13817,brass hat
8921,united plankton
5016,nepenthe
47264,watership
10257,jewel
10258,pimlico
8933,sweetpea
10097,solofilm
49478,aldrich group
54004,optional
82572,joseph s vecchio
23382,schroeder hoffman
14227,northbrook
22510,zoetrope argentina
5550,midwinter productions inc
9265,applied action
32838,andor
14228,cupid
14941,constellation
10214,embassy international
10215,legend production
67988,wv films llc
19047,fortress
8834,tin blue
6313,weintraub entertainment group
6314,the catalina production
2377,chicago pacific
4740,gary sanchez
2998,infogrames
11264,bad lt
42,universal pictures corporation
67253,gone north
16314,roth
24217,paragon entertainment corp
770,kingsgate
10255,voltage
20343,film capital europe
7504,top rope
15742,internationale filmproduktion
2795,ott medien
3281,gk
1482,famous artists
12608,hybrid productions inc
10280,arc
886,kinokompaniya ctb
11996,andreevsky flag film
16522,kinofabrika
16524,eurasia film production
15459,blood relations co
23534,amjo
7294,reliance
3095,whitewater
3491,showbox
81142,bachelor party
81143,aspect ratio
81144,twin continental
8853,rogue
11029,qed international
22539,tooley
4616,freestyle releasing
5705,cinemanx
3573,celador
20341,on my own
11726,the yomiuri shimbun
11846,hakuhodo dy media
11849,lawson
20193,walt disney
34557,taikei office
34558,asahi soft drinks
7738,sketch
7739,uw3 film
4641,shochiku
12245,robert lawrence
89134,metal productions inc
89135,maysville
12691,dmk mediafonds international
2395,hanway
8881,zak
11558,brideshead
11559,mestiere cinema
4575,vivendi
4285,universal cartoon studios
3627,warner bro japan
4570,4kids
5372,oriental light and
12306,game freaks
15636,alta loma
78070,taormina
7531,abramoff production
7532,scorpion film production
7533,abramoff production
21106,axon
1968,viking
7286,epithète
54512,tiara blu
16414,the cannon group
57736,codi s p
402,luna filmproduktion
6574,lions gate family
21234,crest animation
1843,grand army
54854,langley
54855,leaves
3612,sherazade film development
18479,corduroy
20748,visitor
59967,chesterfield writer s
59969,gem global entertainment
3484,apollo
72565,kawoosh productions dtv
4307,rifkin eberts
86655,media rights capital
3240,artfire
7296,k o paper
2179,collision
2724,abandon
2725,foxtor
11995,depth
11106,marvel knights
33808,sgf
83338,muse
3323,land films inc
4732,red envelope
7374,back lot
12807,overture
2731,intandem
3272,aramid entertainment fund
9987,lipsync
11752,number
1001,solaris
12066,o connor brothers
4234,original
15395,oz productions ltd
2865,insight film studios
4297,redwood palms
4298,remstar
704,initial entertainment group
2877,living
2878,bangkok dangerous
6359,cipher
6360,stealth films limited
6361,tmc
1472,delux
11776,film fund luxembourg
10138,double nickel
27351,matten
2150,greenestreet
5326,igloolik isuma productions
6819,paradox
3314,crescendo
3576,efti
8794,refugee
2736,premise media corporation
2740,jigsaw
19925,bridget johnson
19926,skate away
2831,inventure
21543,nu image
9206,zero fiction
74695,ming
78322,bluewater
86061,cheerland entertainment organization
23438,friday night lights
23439,mdbf filmgesellschaft mbh
5561,panorama
23419,mavrocine pictures gmbh
547,open city
2975,nbc universal global
3396,o n c
7431,sony pictures entertainment
75616,time
3423,film direction
4925,plinyminor
8746,papercut
3273,asaf
15361,luna
174,warner bros
76490,sea breeze productions
53282,harlequin
53283,intertainment ag
53284,blackout productions inc
2953,new wave
4220,management
7948,terra firma
12020,superfinger
10826,akson studio
10827,tvp s a
11240,polski instytut sztuki
648,sony music entertainment
1778,dentsu inc
790,samsa
7466,radio télévision belge
11774,bankable
11775,la sofica cofinova
11777,cofinova
22881,mayhem
80510,monkey dance
1708,starbucks
5227,cinema gypsy
76359,water
76360,purple
12958,calash corporation
13671,abc motion
95593,santa frost
423,phantom four
7571,lionsgate
19248,3 in the
2900,toff guy
22791,andale
20635,defiance
20636,pistachio
2823,be good
13674,working dog
13675,village roadshow
23808,price
2730,motown
3088,delphi iii
22541,intuition
7229,sorcerer
5294,mpower
1962,ato
52896,choke
11665,sbk
25838,occupant
7653,zininsa film production
18524,intellectual properties worldwide
17,warner bros
12194,zucker netter
3235,brookwell mcnamara
15312,chickflick
76634,huayi brothers media
3298,harpo
8801,marshall production
2441,fandango
2756,vertigo
2818,sbs independent
2854,adelaide film festival
38582,geetha arts
19146,dharma
3579,ashutosh gowariker productions
2396,finnish film foundation
5240,matila röhr productions
16688,art pictures group
17962,slovo
22690,channel 1 1
22691,telekanal sts
21897,foresight unlimited
24296,ramco
42829,captivity
10086,arsénico producciones
12955,zip
23501,fine
23502,karbo vantas
10905,farewell
8992,scanbox
5945,beijing new picture
10284,edko
93117,zhang yimou studio
93118,elite group
93119,gilla
2879,exodus film group
10173,exodus
13042,kartemquin
5219,sunswept
17234,red lion sarl
59972,idea filmproduktions
2895,dribble
2896,platinum equity
3534,goodspeed
13786,aquarius
20851,h2f
24006,yukon film incentive
81132,grand march
81133,amy robinson
2912,diamond
3290,carmel
3291,provident
10156,affirm
41967,sherwood
85437,enchanted
59150,klasky csupo
3553,euforia
23682,filmcamp
44992,miho
44993,barentsfilm
44995,yellow bastard production
44996,news on request
44997,zwart arbeid
3681,gorky film studio
3899,nordisk tonefilm international
1593,laura
50340,taryn prov
12800,ego film arts
19090,muchmusic
19091,government of ontario
2923,edmonds entertainment group
2924,epidemic
11565,the safran
46222,hey eddie
85425,waddieish claretrap
8014,eagle beach
12362,tracy
8818,vincent
2939,98 mph
2108,battleplan
2934,excel
4054,mandarin films distribution
10154,cartier
21468,1818
21469,lone wolf mcquade
21470,topkick
76067,kontsept film
3475,walt disney television
3476,walt disney animation
5391,disneytoon studios
3644,zenith
6781,initial
20657,u k productions
3957,gener8xion
3587,i could never
34999,bauer martinez studios
10318,polyc international bv
7169,park ex
88298,sortie
16849,extreme
6305,argyle enterprises
6189,turner pictures
3046,spacegate
3146,starway international inc
14729,populist
69989,monophonic inc
3075,internationale filmproduktion stella
28787,wideawake
67334,stuber parent
438,mercury
4657,cinema plus
61896,douglas
3081,tips industries
118,det danske filminstitut
235,nordisk
5403,nordisk film tv
5746,yellow bird
6417,film i väst
7446,svenska filminstitutet
33821,filmpool stockholm mälardalen
33822,spiltan underhållning
6246,medusa
82322,opera film
1840,elevation filmworks
87838,ursa major films
12273,sanford productions
22746,movie prose
22747,c o
41047,prophecy pictures ltd
60473,gordonstreet
4143,eden wurmfeld
11078,cineric
84889,michael alden
84890,brad zions
95595,ccla
3099,gimme five
537,universal tv
1556,20th century fox
3164,bbc worldwide
11801,trigger street
3107,boy culture llc
5319,victoria filmproduktion
5321,proud mary
5322,aloe
19230,varma corporation
1155,incorporated television
3118,madras talkies
5533,jerry lewis
89388,freestone
30724,hecht lancaster
6752,home box office
3124,one more thought
4729,q
9313,esparza katz
1765,turner
17462,antietam filmworks
13945,rastar
898,lorimar
17087,a m a
94198,pork pie
94199,new zealand united
94200,new zealand railways
94201,new zealand motor
1947,new deal
62072,polar entertainment corporation
4921,bakshi
14179,creepshow films inc
14180,laurel entertainment inc
3653,eros international
3182,iyara
5902,rko
2884,media asia
5686,sil metropole organisation
51469,avex inc
51470,basic
5289,wild things
3194,bernard gayle
3096,tyler perry company
5163,laura bickford
27317,medienproduktion poseidon filmgesellschaft
11301,max tv
11931,prime time
12047,isabella
2326,autonomous
3205,surefire film
3207,pictures in paradise
20455,film consortium
20456,national lottery through
19508,mindhunters (uk) limited
19509,mindhunters productie bv
19510,tonna oy
19511,outlaw victoria productions
15117,new visions
3200,chartoff
77845,monarchy enterprises s
81134,atchity entertainment international
3208,3mark
12402,walt disney animation
6235,mirabai
17479,ultra muchos
89720,mooseport
5653,ilion animation studios
12297,hand made
6817,zehnte babelsberg
6818,visiona romantica
11630,curse
3223,menithings llc
3451,art pictures studio
5630,non stop
46831,premiere stealth rights
3488,portman
16486,parallel film
53043,brown sauce film
53044,company of wolves
11593,deliverance
69934,malpaso company the
323,diana productions inc
3249,fritz lang
1314,hammer film
3407,shanghai film group
24089,chang hong channel
26468,ifc
37334,jack and rose
3635,20th century fox
863,mantarraya producciones
864,no dream cinema
6505,coproduction office
10253,samuel bronston
3280,igor
10207,casbah
8299,krasnoff foster
89188,magna theatre corporation
89189,south pacific enterprises
89190,rodgers hammerstein
6848,lorimar
3316,liberty films uk
3317,lunar industries
3318,xingu
12018,limelight fund
3319,senator entertainment co
23909,silver nitrate
9169,hemisphere media capital
3346,rainmark
5766,arte
6962,cnc
8289,zentropa international köln
8555,nordisk film tv
11236,zentropa international poland
11237,zdf arte
7433,ocean
8504,block hanson
20667,district
20668,new zealand post
8850,extension
4904,alan landsburg
79415,mca theatricals
81140,two girls
1807,warwick film
7947,moving pictures dpi
16946,weinstock
87390,gross
9342,central partnership
1071,spice factory
5309,forgan smith
16016,eurofilm stúdió
3812,it s a
20356,millar gough ink
11916,sid marty krofft
84803,aviacsa
84804,cinevista
12536,kurtzman orci
44485,jrs
10224,museum canada
773,film afrika
67713,parkes lasker
16274,thomas coleman and
16275,film development fund
18947,atlantic releasing corporation
10393,vertigo
11366,str8jacket creations
11367,4dh
11368,perfume
5229,bryan foy
10720,city
49219,y m
36650,iron
10568,pennebaker
77413,santa fe productions
14317,republic pictures
89603,teen life
71988,hong kong film
68097,bonnie timmermann
3527,green hat
12235,ifp westcoast erste
3058,crossroads
67035,kramer tornell
29364,pax enterprises
12196,medienproduktion prometheus filmgesellschaft
12197,portobello studios
12198,tightrope
3267,atlantic entertainment group
8784,valley
938,first floor features
3344,night light
19857,sean daniel
4342,bird and a
11051,hallway
11052,catch
18938,eclectic
3826,graveyard
13282,21st century film
12966,perdido
3603,vision international
4109,vision pdg
17915,trans world entertainment
4254,disney toon studio
3639,whamaphram
3651,r s
3652,sahara one
4281,simon reeves landsburg
11755,bece canada
4403,stuber
3135,furst
11733,pariah
48792,parallel zide
4364,watermark
41978,top shelf
3694,people
16424,avm
7357,jerkschool
2612,les productions du
60615,visionbox
91636,white orchid
91637,fearon
91638,bloodline
6704,illumination
12049,alan jay lerner
3781,vidhu vinod chopra
3557,seraphim
11672,nimbus film
23790,splendid
3786,baweja movies
18713,prana studios
23791,sean bailey
89630,forrest
14555,darkside movie
6133,cine location services
6135,david hannay
6136,film plan financing
6137,ruddy morgan
6138,southeast asia film
5120,mosfilm
5847,venezia
3839,white feather
1785,likely story
13649,chockstone
4131,ignite
3840,numb gums production
3855,new upstairs
3856,upstairs canada
3858,ghs productions
3859,munich film partners (mfp) ghs
3860,nides mccormick
22308,echo lake
4252,studio babelsberg studiobabelsberg
4253,don carmody
69701,india talkies
3302,harbor
11580,cross country
3906,american playhouse
56520,entertainment events
11460,the institute for
26240,stellar megamedia
26241,jiangsu broadcasting system
26242,chuan production film
5176,fortress features
10285,ld
43760,imaginarium entertainment group
10822,jhamu sughand
3986,martin poll
3987,the production
3989,c p
15685,mirage
7058,bill kenwright
11246,région ile de
30298,cine
30299,mmc studios
30300,tiggy
30301,banque populaire images
30302,cheri
30303,erste mmc production
16027,portman
13866,the caddo
4380,suntaur entertainment
4078,triumph
6536,area japan
4108,rich animation studios
11576,ontario media development
20572,mcmurdo
93521,rye road
93522,babe ruthless
5257,film department the
5802,evil twins
12180,warp
2461,chris brinker
12234,chambara
26082,dead crow
63903,fourth kind
2723,lin
69582,rocklock
12193,left tackle
2266,bold
10261,dw studios
32157,right of way
76466,liberty pictures
10567,mutant enemy
7392,twentieth century fox
72389,blumhouse
12886,new crime
14358,1821
46062,spy next door
4451,alive
4452,amicus
2454,goldsmith thomas
4820,alta vista
4226,atmo media network
2691,infinitum nihil
4233,lightning
1450,front street
22119,lennox house
10808,overnight
89626,twitching image studio
85889,c h u
23035,star
16914,famous players limited
25762,selta
25765,international cinema corporation
25766,cine neighbor
16833,marked
5479,talking heads
15806,arnold stiefel
15822,trancas international
13962,innovisions
35061,colgems productions ltd
4293,cambridge
4872,kinoshita management
16644,ire
16645,santa fe institute
78455,canon
23046,internationale scarena filmproduktionsgesellschaft
45726,banter
90511,turner feature animation
59403,miracle mile productions
4714,hsx
11804,easy there tiger
5615,six point harness
67539,ars nova
67540,goliath
1432,republic
8634,meridian
17951,paragon arts international
7535,lux digital
74791,the horrorworks
68860,greenfox
28995,earthship
11647,autonomous
20742,rko
61413,government of saudi
37498,neverland
15266,bbs
1266,octagon
3864,butcher s run
9325,informant media
10535,all girl
5517,100 bares
5623,haddock films s
6458,instituto nacional de
11427,instituto de crédito
21915,televisión federal
980,the glasgow film
1270,national lottery
4343,showtime networks
8256,scottish arts council
65681,three rivers production
65682,progres film distribution
65683,kinowelt median
15505,nhk
42344,mico
42345,mount film group
4404,camp thompson
11953,traveling film
4413,gruber bros
24356,tomboy
36978,winchester multimedia plc
4415,corn cobb
4424,smokewood entertainment group
86531,two left shoes
86532,blockbuster
4450,foxstar
4463,talent house
22040,uaa
22041,western film
15124,associated capital
15125,capital equipment leasing
2577,studio
11564,versus
11566,dark trick
1076,apipoulaï
34774,w9
2435,langley
4654,thunder road
8151,fuqua
5444,mod producciones
29393,lion
2102,frankovich
92340,caldix
11948,rio dulce
6337,main street movie
24373,delphi
24374,zone
4651,фокс
38100,tristone entertainment inc
84815,m
4648,levins henenlotter
16636,shapiro glickenhaus
4664,jensen farley
1113,les films
5490,cbs
12199,madhouse
72503,greenlit rights
12252,chartoff winkler
22035,scared
7400,olympus
2648,road rebel
1596,shooting gallery
56396,snider than thou
26769,battletruck films ltd
11244,france
11359,france
11620,orange cinéma séries
12001,warner bros entertainment
22064,hombre
5145,creavidi
42712,fida
6236,ndf international
11093,lucky monkey
16647,cineson
61416,filmsmith
61417,medici
61418,gremi film production
9266,american international pictures
66327,hachiko
66328,opperman viner chrystyn
25886,outpost studios
11582,case
10718,frank lloyd
4808,in cine compania
12421,northern
12422,walker films limited
23867,unisol 3 distribution
13399,douglas fairbanks
88161,cinerama releasing corporation
4912,big fan
16280,jean doumanian
21716,sweetland
65514,magnolia
65515,jasmine productions inc
1281,argosy
6736,imagenation abu dhabi
7584,screen australia
26716,hopscotch
26717,jan chapman
13479,edward small
4399,barunson film division
5028,canwest global communications
5029,onegin
5679,the universal film
56482,arachnid productions ltd
5067,steve krantz
81017,cine camera
2270,china film group
10167,gospel of john
10168,toronto film studios
10169,visual bible international
41251,reveal
41252,gran via
796,pan européenne production
18332,las producciones del
200,corazón international
6419,biograf jan svěrák
20877,19
8210,m6 métropole télévision
22763,télégraphe
23084,vertigo
8930,euro international film
14464,sri venkateswara creations
16337,cannon
62,the selznik studio
28431,tcf vancouver
60018,rice
5233,starlight international media
20473,czech anglo
20474,wandering star
13085,altar
1010,marimark
5716,polygon
12621,doosabu
5420,color force
8569,dayday
7345,vaca
7346,la fabrique
10031,morena
11397,sofica soficinéma
5306,melnitsa animation studio
5747,zdf enterprises
5337,tijuana
5338,tiberius film
24287,mg media
65822,michael mann
2814,great scott productions
54634,mosaic
14041,wide frame
44223,panorama studios
2165,balcor film investors
5441,ivory way
5585,stephen j cannell
10908,phoenix film partners
1975,sneak preview
55015,pointe studios
1256,producers sales organization
1766,dieter geissler filmproduktion
33772,bavaria studios
18062,fawzi vision
18063,magic picture
18064,rekun cinema
1979,cinevox filmproduktion
21335,death wish
1012,parabolic
19558,jack dietz
1854,dan
5521,cp medien ag
19422,cannon
19423,cinema verity
34447,furry vengeance
13133,universal film manufacturing
6567,the tyler perry
37890,party
38181,american
2224,plum
6020,harbor light
12410,lleju
48669,pannónia filmstúdió
73980,felix the cat
1582,titan
6407,blake edwards
5611,milk honey
11321,imaginary forces
11322,justin
11323,linovo productions gmbh
11324,pacific title and
15059,simcom limited
15060,prom night
8851,shawn danielle productions
42209,peter frankfurt
22969,springwood
22970,genetics
79026,xm2
79027,xf2 canada
79028,x3 canada
79029,x3us
79030,xm3 service
67984,taliafilm ii
67985,woodcote
5896,cine bazar
5897,toho
10226,smartest man
3145,cn
21743,ps tvc studio
21744,rus media
39872,stuntart ru
11522,national geographic
80711,3ality digital
8793,lawrence turman
25673,cinema vehicle services
6583,reliance big
10485,drafthouse
15308,wild bunch distribution
23300,k o camera
14577,sony pictures worldwide
21212,italian tax credit
23731,birnbaum barber
23732,cineroma srl
23733,french tax credit
31715,gramercy pictures
2844,prospero
28320,rocket
36346,alliance atlantis motion
7291,olive bridge
60022,aversano
21845,pink machine
12539,gndhddt
7125,red giant movies
8852,virgin produced
11761,mark canton
6933,gambit
11834,electric shepherd
60600,storefront
5698,oops doughnuts
11837,frontier
46221,zookeeper
22641,tokyopop
21237,the collective studios
81137,friendly films
19751,indochina
11112,arcade
5703,wayfare
5704,little wave
19961,start motion
44426,hudson hawk films
5635,china film group
6733,reliance big
11952,bigel mailer
27934,palm
10956,film properties international
19778,winter s bone
26469,indigent
86089,dolly hall
1787,central cinema company
12146,palomar pictures international
12147,kingston film productions
76069,wardour street
6086,new horizon picture
1527,les productions jacques
7852,dreamworks
22880,fast track
6667,mandalay vision
6691,10th hole
10161,gilbert
23910,saint aire production
23911,artist international
23913,artist international management
53303,werc werk works
7274,island film group
7275,trailblazer
7276,screen east
6087,conquest
17096,vae
5799,joanna
11787,po boy
10309,masada
3659,django
4959,pathé
7382,echo
7038,quad
7766,chaocorp
12609,banque populaire images
19957,script associés
19959,a plus image
11616,barry enright
3356,state street
3172,blumhouse
21223,solana
6680,serendipity
3870,premiere picture
7437,im global
23199,maraci edelstein
23200,shelter
13481,rhythm and hues
19045,picnic basket
6692,benaroya
6693,four of a
12176,little gaddesden
8873,handsomecharlie
36887,roven cavallo
20740,merchant ivory
18065,20th century fox
5882,namco
5883,light song
64771,tamm
10936,hydraulx
12007,rat
12158,transmission
8526,melinafilm
39125,lopert pictures corporation
34034,lstar capital
61791,feigco
84041,pascal
84042,ghostcorps
16,united king
7819,lotte
6111,arte france
11394,films en stock
2927,fidélité
6320,hwy61
6666,herrick
23921,circle of confusion
23922,forest park
7332,chako film
22596,aja levasseur
888,overseas filmgroup
52766,seven hills
52767,cinealpha
3427,ambience
7218,platinum studios
7219,long distance
7367,chad troutwine
7368,green film
7369,human worldwide
7370,loki
5860,anchor bay
10399,cinetel
21624,family of the
7263,filmdistrict
6006,night chronicles
19776,prospect park
19777,millbrook farm
6572,stone
6573,mimran schur
6708,cloud eight
10892,everest
7288,battle mountain
5644,magic light
6984,cinema four
23164,entertainment film distributors
7142,eros
60536,nadiadwala grandson
6237,porchlight
5388,sony pictures home
5316,fanfare
14149,american international
17863,otis
74407,tigertiger
74408,chinarunn entertainment inc
13778,bluegrass
20153,film
7507,dro
8869,the last picture
8870,catchplay
8871,corner store
8872,filmula
42325,american work
49731,dreamagine
13184,annapurna
35050,sil metropole organisation
6371,unstoppable
22310,atlantic swiss
27895,veneration music
27896,retro juice
10262,blind wink
6610,nazira
6611,nazira
65129,dark harbor stories
4634,oceana media finance
5986,pantheon entertainment corporation
5987,innocence
6901,prescience
8101,omega
14406,ambush
14407,crimson bolt
5005,bedlam
7217,see saw
7309,aegis film fund
7493,filmnation
19578,momentum
19579,molinare investment
2236,maguire
8689,an olive branch
8690,rollercoaster
8691,vortex words
8692,hannibal
36028,bagman
36029,mcg
8532,1984 private defense
11956,apparatus
11957,gg filmz
11958,its capital
11959,merlina
11960,mgp
11961,safady
7460,vendome
1804,north by northwest
5855,a bigger boat
7436,birdsong
82606,nbb unit one
82607,longview
1003,filmkameratene a s
5241,film fund fuzz
56050,sf norge a
11627,necropia
7453,armada
7454,france télévision
7455,cinémage
7456,cofinova
7457,soficinéma
1538,comedy central
6461,eyeworks
2965,boram entertainment inc
6734,bay
66625,almega projects
7215,incentive filmed
11335,chrysler corporation
11336,shade
11337,motel movies
11338,cottage industries
313,ts
7272,micro scope
7273,phi group
6408,international traders
3782,tax credit finance
688,rankin bass
4107,nest family
7269,poison l p
24868,mindel shaw
16978,lightmotive
21541,northstar international
75712,ruby in paradise
75713,full crew say
78905,s l
65272,in the bag
22213,tsg
86561,stereo d
89143,international cinema
34396,giant
34397,origo film group
88943,rox
88944,maple cage
12408,panda productions inc
12409,horticus uk
17336,hungarian national film
20419,lazio film commission
21211,rome film commission
2728,millbrook
19245,lago
78702,dangerous method film
9217,pioneer
6490,sanctum australia
19960,great wight productions
20388,regione campania
20389,campania film commission
20390,comune di castellabate
7784,the harvey boys
7785,nvsh
9081,phase
13642,smodcast
6899,henceforth
21923,projection
43792,london boulevard
6555,polish film institute
13920,exclusive
18392,monolith
23992,on the road
23993,point blank
6869,yer dead
7320,telefilm canada
17457,whizbang
3061,alfama
12391,jouror
26019,radiotelevisão portuguesa
44106,leopardo filmes
44107,talandracas
3341,fuji television network
27551,michael de luca
21742,haunted movies
10427,open road
11841,wales creative ip
38010,wild ocean
38011,2s
25716,captivate
46506,rena
46507,peach trees
47821,samuel z arkoff
47822,esse ci cinematografica
16686,pluperfect
54211,david merrick
6326,toledo
15357,prime focus
8406,big kid
5955,di bonaventura picture
7262,random
7297,fairview
24013,vnesheconombank
24014,nutcracker holdings
24015,hcc media group
24016,russian roulette ltd
741,emotion
19866,zeal
2650,ealing studios
2651,fragile
4186,quickfire
11992,surreel
58839,de negris
58840,bellatrix
24923,bekmambetov projects ltd
14684,neunte babelsberg
21439,holleran
23919,sechzehnte babelsberg
6453,studio trite
21163,profit
6446,total
7490,tsbd canada
7491,zohar international
58321,tsbd louisiana
58322,tsbd
41962,a hot dog
18924,silent night releasing
6454,caméra one
14861,before the door
14862,washington square
46225,untitled
3965,taewon
12682,ubu
12683,h plus communication
3804,shakespeare film
20191,mitsubishi shoji
2335,film
8854,many rivers
8855,boy of the
50915,motorino amaranto
36081,is or isn
7740,uw4
18044,leopolis
10418,demi monde
7193,company
7595,moving pictures film
1989,barefoot
6737,béla jarzyk production
8350,tf1 droits audiovisuels
13855,hugo
189,arp sélection
65327,autumn
15997,mabel normand feature
14590,new south wales
94301,window iii
24346,ark
7377,insurge
7378,magical elves
7379,scooter braun
2744,nikolaus geyrhalter filmproduktion
6279,continental producciones
12011,quo vadis cinéma
6531,parts and labor
28707,mclaughlin
28708,lime orchard
7717,flashpoint
25628,blitz
25629,kushner wyman
5488,fox film corporation
21777,tc
23663,mr tamborine man
23664,essential
19901,highroad
19903,lone runner
19904,kenio
19905,perfect game the
30031,atlas
9971,castafiore
19037,umedia
7582,hw two
71959,tdj enterprises new
71960,our stories
3574,denver and delilah
24175,cott
24176,furia de titanes
37380,silver bullet productions
37381,blind wink
37382,classic media
4503,neue road movies
7627,eurowide film production
20848,rough house
6778,televisió de catalunya
20786,massa d or
21928,tnt
29305,kaleidoscope
45970,france 2 cinéma
48188,transfilm
53495,upside down
53496,les films upside
53497,kinologic
6809,paramhans creation
6810,sanjay singh
7356,viacom 18 motion
13395,panorama media
72725,qc
14158,wildside media
39288,gotham entertainment group
7912,sedic international
37041,idg china media
7899,cartoon network studios
8531,versátil cinema
24785,pontchartrain
12425,filmtribe
32537,blossom
4170,playtone
907,overbrook
4636,social capital
4792,film afrika worldwide
19369,procinvest sas
20659,cinedigm
22545,magnet media
22546,magnet media group
39708,mirabelle
44811,alliance cinema
3672,gotham group
24557,tailor made
24558,mango farms
24561,quick six
10289,dmg
11092,ram bergman
19749,yuk
22135,prana animation studios
48471,summertime
7264,smokewood
7486,american film
2313,andrea sperling
13369,super crispy
21892,ascension
11946,raaj kamal films
2394,artina
12501,green room
14580,treehouse
24930,alvernia studios
24933,lb
24934,parlay
377,bandeira
343,konami corporation ltd
7076,chernin
4649,sedic
7093,hokkaido broadcasting co
9149,shogakukan
12383,abe shuji
12384,chubu nippon broadcasting
12385,rkb mainichi broadcasting
12386,robot communications
23159,shifting gears
999,belstar
2359,stéphan
9228,dan curtis
8288,zentropa international sweden
14804,swedish film institute
17298,centre national du
38069,legion
38071,edition video
38072,nordisk film distribution
318,ctb film
25924,pygmalion production
7178,corrino media corporation
7299,corsan
7300,staccato
8469,louverture
11987,real dakota
11989,interfest
12630,studio green
12005,yucaipa
12008,misha
11898,blue haze
21898,vip media group
21899,michael mailer
21901,ledge
7152,independent
23290,prodyuserskaya firma igorya
12676,rekall
85921,total recall
11858,a e television
14604,spectrum
6292,universal
13648,inferno
46625,newbridge film capital
21925,rei capital
21926,grove hill
21927,strange matter
2361,ad hominem enterprises
18230,filmgate
16916,victor saville
63095,studio rock
33817,yellow bird
47479,ground control
28381,dr d studios
28382,kennedy miller mitchell
14368,s
19328,ryan murphy
24245,twentieth century fox
11487,sandcastle
59051,viacom enterprises
3353,element
7308,reprisal
7135,sun
2213,rainmaker
5024,mainframe
19991,mypheduh
31263,diproci
81321,negod gwad
84251,ghana national commission
11085,grand highway
18209,alpha core
28788,genre
31076,simon kinberg
19750,disney double dare
8286,decibel
22842,waypoint
23033,cappa defina
54537,fábrica de cine
73685,emmett furla oasis
86060,sharpsword
16028,blizzard
13444,outlaw sinema
40112,pendle mountain
40890,china film co
1872,bleiberg
54131,weston
11831,nic arts
80492,vijayam cine combines
24239,sivashakthi movie makers
8430,cliffjack motion
3608,after dark
7625,automatik
12075,silver reel
14654,emjag
25876,headshot
36748,zillion
3604,grindstone entertainment group
5830,cheetah vision
7788,gunny
11449,hedge fund film
5654,dj
8789,fuzzy door
2066,zanagar
8997,sbs
11795,france télévisions
52574,spi film studio
23644,2dux²
23876,stoller global solutions
63902,alabama production group
417,australian film commission
36430,abraham
36431,location gourmet
6024,varsity
23008,87eleven
22883,partnership
19719,saints la
6302,room
46353,agent two
46354,brandt haas
6633,voltage
9015,worldview
21817,ana media
37833,picture perfect
14646,pickford corporation
8717,chrysalis
812,deuce three
21540,mary pickford
13198,monsoon films private
13199,pan nalin
13200,sunrise filmvertriebs ag
8518,lbi
50630,la classe américaine
71510,jd prod
16853,rook
17817,warp x
12137,aura film partnership
12139,material
10513,lobell bergman
19647,monolith pictures
19648,radical studios
22841,lightstream
22843,thethird mind
22844,amalgam features
4908,first generation
11068,nostromo
16055,generalitat de catalunya
22862,cindy cowan
22863,la sexta
58260,attitude pinículas y
23271,soixan7e quin5e
23272,see me louisiana
8403,bandito brothers
10247,lip sync post
22153,trademark
15071,variance
24048,prototype
8890,wessler
19577,what to expect
22339,company
22340,dalian wanda group
12162,constantin film international
43394,adam schroeder
49512,new picture
7143,ayngaran international
7990,cloud nine movies
16312,crave
46961,knightsbridge
47169,le grisbi
47354,5150 action
60229,prima tv
72917,doha film institute
8018,ten
22123,tf1
2123,helios filmproduktion
4135,animus
8536,leverage management
8537,closest to the
8538,farraday
8539,leverage
10970,blueeyes
8057,langley park production
22637,north box
27097,trf
34981,iron horse entertainment
24097,neoreel
10975,colorado film production
32837,film commission regione
8084,galavis
8085,picture machine
23625,fria luz del
8087,creative scotland
8088,origin
8090,bbc earth
8091,evergreen
53498,bbc earth md
53499,evergreen md
19865,a grand elephant
39057,themanipulators
11430,dasepo club
11431,dcg plus
11432,sovik venture capital
37826,studio babelsberg motion
37336,down
31825,digital domain
31826,taleswapper
8111,apaches
18309,institut valenciã de
21632,mediaset españa
53490,la trini
53491,generalitat valenciana
57740,semtex
4098,carnaby international
4250,molinare studios
21937,eigerwand
12619,sangeori
12620,fantagio
10611,ciné
2429,conspiração filmes
77682,columbia tristar filmes
23277,possessed
11802,onda
13507,pie films inc
15495,revolt
47124,blum hanson allen
13204,fake empire
7923,cameron mackintosh
73951,classic media
73952,bullwinkle studios
9341,etalon
48499,f f vi
7829,ascension
10947,ard degeto
11080,cloud atlas
11082,five drops
11083,media asia group
19621,dreams of dragon
25626,moonrise
12545,also known as
8372,spad
9209,mk2
12467,nomadic
21914,kramer sigman
79077,jerry leider
8380,pfh
8381,saregama hmv
765,tempête sous un
10290,bcdf
6714,court
12219,cinereach
52241,adscott
13466,park
13467,tbb
13468,dog run
13469,white hat
1974,duplass brothers
13242,unanimous
37343,ukfs
1424,ada
2130,mr mudd production
2046,revolver
11300,waterland film tv
1013,stable way
10951,screen nsw
18942,ingenious broadcasting
18987,unthank
18988,story bridge
18989,auburn
8556,zentropa international
15066,shot szumowski
2490,lgm
15282,steel mill
15472,entre chien et
19637,logie
19638,altitude film
19639,film house germany
19640,maven
20277,protagonist
20664,anton capital entertainment
10256,disruption
223,les films du
224,wega
7281,british film institute
3092,les films manuel
23545,la vérité production
8600,electric city
82819,skydance media
2695,archipel
11248,programme media de
20345,centre national de
20346,région bretagne
20347,banque populaire images
20348,cinémage
20349,uni étoile
20351,sofica cofinova
23634,riddick canada
17393,good universe
17395,ob
28433,bulletproof
1020,millenium
8891,witness protection
13480,haishang
11466,akil production
2974,pope
9111,sirena
23343,passenger film studio
3618,film workshop
11413,china movie channel
38833,ian bryce
6930,elle driver
25904,tazora
6352,horsethief
25350,besiktas kültür merkezi
12141,pt merantau
12142,xyz
10338,perfect world
41537,dos corazones
31922,double negative
41077,a24
1926,les films du
3132,vlaams audiovisueel fonds
11779,page
11793,lumière
11794,lunanime
11796,centre du cinéma
11797,voo
11798,région provence alpes
11799,département des alpes
11800,casa kafka pictures
22632,verisimilitude
8092,british film institute
27543,jw
11113,iron fists
7415,inferno international
11030,envision entertainment corporation
22146,black bear
25790,leverage communications
19177,red granite
13788,hopscotch
9340,enjoy movies
1260,synchronistic
23558,hermetof
23559,magna
23560,kalkronkie
23561,artemis
23563,lonely dragon
44091,magnolia mae
3467,three t
19126,vgtrk
77594,vserossiyskaya gosudarstvennaya televizionnaya
31828,avi arad
53462,matt tolmach
3170,slb films pvt
3036,walt disney studios
7764,telecine
74636,film väst
7445,cinematograph ab
25608,quick draw
52337,skyland
31832,envision
36212,boies schiller film
8866,cinétudes
14384,translux
16615,point grey
37361,aggregate
37362,dumbdumb
649,sony
32184,belle
10424,primate
10425,kim and jim
10426,panay
27593,lenfilm studio
69586,sever studio
69587,kanal russia
7270,opus
21122,snowpiercer
34725,moho
7184,3b
78987,region paca
2564,ciné
21079,hopscotch features
22983,mon voisin
21243,kurier
48081,ministry of culture
1221,gainsborough
13580,sydney box
31824,malavita
722,temple hill
13195,such much
12365,brownstone
1311,the asylum
34077,film
36353,e stars
12073,dillywood
12074,five star institute
58773,amazon prime instant
10896,exponential
22789,embargo
34982,mythology entertainment
7141,aascar
12299,pvp cinema
15,lama
11870,anurag kashyap
64666,jar
3930,illuminati films pvt
5125,le pacte
11199,scope
54850,bulletproof cupid
2902,snd
13151,headline
4615,ubisoft
28732,ratpac
83857,ubisoft motion
86766,dmc
86767,alpha
8924,rabbitbandini
14036,division
14531,pop
17719,mjz
26676,o salvation
78780,iconoclast
7413,3foot7
5406,good film
14286,finecut
22656,don carmody
60746,unique features
60747,mr smith
9158,spring
29062,final cut for
29063,piraya film a
29064,novaya zemlya
11175,benderspink
11176,carousel
41624,ratpac dune
2675,la parti
6973,les armateurs
13351,melusine
27350,maybe movies
32853,gkids
5113,120db
14037,dreambridge
16945,red crown
16947,koda
88016,hurwitz creative
8533,liddell
11140,wonderful films plc
1471,archer street
15577,latitude media
15578,thai occidental
1747,schiwago
9292,hessischer rundfunk
10847,chromosom filmproduktion
81865,united seven creations
10677,toma
10678,de milo
19246,faliro house
20313,venture forth
18919,follow through
18920,salamander
18921,pam williams
18922,windy hill
8822,green light media
29311,media farm
29312,sunday night
29313,pearl street
14739,spitfire
34890,electronic arts
49968,will packer
34886,gidden media
4081,lego
25120,warner animation group
6687,viz media
28384,ex3
40822,fipex holding
17929,vincent newman
31073,slap happy productions
31375,evergreen media group
14294,thirukumaran
23648,apostle
76266,oriental dreamworks
1634,truenorth
3079,fantefilm
25713,ghost vfx
6747,essential media
2613,futurikon
3984,entre chien et
16868,futurikon production ii
22071,mollywood
67715,nozon
15998,churchill toledo
22622,consejo nacional para
6421,disney
30420,anonymous content
73493,madriver
78595,sierra
78596,surefire capital
28176,bomar ood
36109,thefyzz
68548,dunulf
68549,emmitt productions limited
68550,adf acquisitions
18208,8 38
7420,stone village
20656,babieka
52184,volcano
14319,sycamore
44160,varahi chalana chitram
44161,suresh
11848,kddi corporation
25634,mitsubishi motors corporation
46339,beagle pug
47706,allison shearmur
4053,enlight
17837,rcr media group
22564,solar filmworks
19631,truth
14700,quat sous
20980,france
33960,le tax shelter
38037,centre du cinéma
38038,pictanovo nord pas
3110,paco cinematografica
20416,regione lazio
20644,business location sudtirol
38591,friuli venezia giulia
38592,unicredit group
6742,sudden storm
24970,obelisk
5162,memento films production
22128,369
22130,catmandu branded
22133,jempsa
22134,plural jempsa
18642,rovio
30692,sony pictures imageworks
50848,rovio mobile
91920,rovio animation
41096,lonetree
19374,fickle fish
19375,moxie
13403,straight up
19632,3311
19633,in a world
19634,team g
80062,more
19194,andrew lauren productions
30133,global produce
58399,pantelion
24510,mica
2783,motlys
26995,animal kingdom
6716,zanuck independent
11819,mediapro
27993,picture perfect corporation
27994,wild side
32299,blue tongue
32300,lava bear
33905,south australian film
10989,muskat filmed properties
28275,the ink factory
36616,amusement park
15462,troika
15463,emergency
15464,apotheosis media group
15465,amasia
59778,a113
12987,filmmaker r k
12988,film base berlin
18617,energy
80514,friday filmworks
9078,constantin film
7177,item
86352,québec production services
87857,abu dhabi film
87858,colorado office of
15127,boll
14581,24p media group
47287,kind hearts
27392,ufa cinema
32510,cinepostproduction
44113,beta cinema
64893,pixomondo
64894,cine mobil
39043,traveling picture show
40106,free state
40107,da vinci media
93105,iac
18142,dragonfly
55497,sobras international
73624,top hat releasing
73625,bh tilt
33805,triggerfish animation
14359,scott
31835,sneak preview
85720,malvern
2787,reel fx creative
13034,warner bros interactive
19019,rob thomas
19378,spondoolie
38656,warner bros digital
95406,in the groove
69484,alibaba pictures group
69485,odin
1219,baby cow
13854,baby cow
1677,mediaset
3366,babe
11011,fonds eurimages du
20418,banca popolare di
20420,biscottificio verona
84017,whitesands media house
22868,cuatro plus
59897,daryl prince
34081,flynn picture
9194,cannell studios
34035,33andout
34036,jhf
16943,sri sathya sai
34530,perfect storm
83644,sneaky shark
83645,huahua media
4676,abs cbn film
10417,star cinema
58596,reality
57408,mad chance
57409,22 indiana
2908,mars distribution
19690,caneo
32242,grisbi
33928,france
34780,chi fou mi
34782,treasure
69903,colour yellow
22947,3dtk
22948,feelgood
22949,paradise mgn
1066,distant horizons
5031,videovision
66930,brothers dowdle
12032,apulia film commission
32874,volten
32875,lailaps
88044,filmfinance xii
3522,t series
3749,vishesh
3116,toei animation
75017,lbi
20791,travelling picture show
11486,picturehouse
22610,hollywood studios international
22611,spikings
52660,m
56832,hands on producers
84988,42
95063,marcy media
48401,ten furlongs
5076,tmc
19233,120
23616,ciné
53638,ollin studio
32414,amigos creations
6715,k5 international
30023,court five
31833,valentina
19010,emu creek
21379,duo art
33439,true crime australia
67480,atlas
15017,steve white
36991,clarius
3750,balaji motion
8444,phantom
18188,magnolia mae
72441,tik
88715,pyramania
27467,team downey
38145,bristol automotive
19404,pinewood studios
25954,metrol technology
17888,k jam media
34401,surf
63571,enelmar productions a
10950,screen queensland
15392,blacklab
15393,wolfhound
69434,b24
78995,cloudy
21450,ankor
9995,cruel unusual
7828,max films
33137,morag loves
23700,abbolita
23701,starstream
125,danish film institute
486,portobello
6476,canal polska
6477,opus
44171,phoenix film investments
72682,city of lodz
72683,phoenix film poland
25975,aggregate
6724,upload
21655,movie package company
74883,slasher
74884,prime focus ltd
74885,midlife crisis
74886,slashfiction
28473,shoebox
15829,pacific standard
60682,artemple hollywood
36209,oddlot
39649,huayi brothers media
47231,pinema
5353,fastnet
23108,caramel
35846,no trace camping
86708,altus media
34594,surefire entertainment capital
1092,mockingbird
44783,smart
19143,ja
19144,rising sun
16558,stoney lake
3985,maruti international
7131,france television
8009,belgacom
32634,euro images
17021,lucamar
26387,lovefilm international
58085,dmc
17145,tonik
53464,asis
39443,jolie pas
23513,ombra
63808,roxbury
88606,vertical
68621,st petersburg clearwater
4859,nickelodeon animation studios
31893,dreamworks studios
79031,chatrone
93542,bob industries
23716,harbor picture
5056,head gear
39734,ketchup
44224,egoli tossell
62407,bavaria film partners
62408,subzero film
62409,visionplus fund i
62410,waterstone
2009,maipo film og
22918,day twenty eight
22919,rishon
50482,route one
20788,gulfstream
30786,blockade
30794,sony computer
7424,first point
7483,hearst entertainment
23920,lightworkers media
7342,atípica
29566,atresmedia cine
31899,sacromonte
15855,goldenlight
53656,old bull
1620,nuyorican
33831,oasis
33832,aperture
37455,legend3d
8840,homegrown
42321,black entertainment television
86115,relativity sports
86116,undisputed cinema
15159,snoot
28163,automatik
28286,low spark
87213,signal film group
21181,smoking gun
32301,causeway
88762,white noise factory
24049,sierra affinity
55265,chapter one
16401,aashirvad cinemas
18156,indiana production
7372,paper street
51566,kgb media
49152,palmstar media
54931,gail katz
50914,tri state
3304,wy
7673,hérodiade
69195,vértigo
36259,defynite
36433,mjw
27450,the combine
27451,bluegrass
78091,kinberg genre
789,pallas
22587,cab
32289,c g cinema
24240,vijaya
7485,fox international
45198,deutscher filmförderfonds
6427,pure flix
2699,caviar
3916,cold iron
41640,archer gray
4696,same player
31229,cinéfrance
34519,spectrevision
51192,black light district
51193,say ahh
51194,logan
80078,fourboys
20103,strela
32245,asig
62693,rvk studios
25345,central motion
85047,zhejiang huace film
85048,china dream film
85049,spotfilms
726,haut et court
2345,lemming
7254,greek film center
71265,scarlet
72595,institut français
72596,l aide aux
72597,limp
72598,ministère des affaires
72599,protagonist
32999,d8
7864,amiguetes
29564,telefónica studios
57944,spd
7561,nexus factory
10497,jaguar
20339,chapter
63810,roxbury
57946,arka media works
47586,zaftig
40309,fear of god
6831,big indie
33603,shivhans
7075,metanoia
90508,santa fé
70993,ehman
24235,ananya
30246,scholastic
86565,riche
86566,village roadshow films
47502,warner bross turkey
54392,soho vfx
76907,atomic monster
6127,metro goldwyn mayer
87854,taken
50481,vendian
39707,the bridge finance
45358,merced media partners
32182,that s nice
32183,bocflix
83744,camp grey
85885,lionsgate premiere
82552,elevation
11765,ithaca
5726,universal pictures international
11578,super écran
13311,sodec
13839,metafilms
1880,zentropa
8275,spier
17748,forward
26402,little stranger
35559,institut català de
58772,prone gunman
58774,prone gunman a
57031,allspark
27711,berlanti
34620,four by two
73045,lhf
73046,gerard butler alan
74795,nu boyana film
17173,proton cinema
20692,filmpartners
41706,pola pandora filmproduktions
30037,blueprint
32731,weekend blockbusters
32732,anwar rasheed
2986,kasbah film tanger
17653,22h22
76642,primeridian
8714,northern lights
52739,two flints
24277,palmstar
46240,miscellaneous
46241,traverse media
53634,intertitle
79729,cider mill
79730,dasym enetertainment
79731,jc group international
79732,talent international media
79733,talent international film
84424,vita ray dutch
84425,deluxe digital studios
1576,nadiadwala grandsons
892,qwerty
32696,beijing enlight
32714,albertine
79736,hollywood storm
87722,czar
42119,vast
83397,reel chefs catering
69656,brucks
33681,black label media
25577,safehouse
83838,wanda
12865,getaway
44163,rajkumar hirani
44164,vinod chopra
177,columbia tristar
67327,splash
72280,telegael
72281,assemblage
63924,broken chair flickz
63925,crucial
80114,me2
13796,hong kong alpha
90517,secret hideout
9122,cohen media group
35758,deux chevaux
53445,big stone
48244,silvatar media
49389,broad green
74776,noruz
8147,entertainment one
69110,tank caterpillar
69111,steady aim
39643,we re not
39644,cinelou
3171,slb
26590,backup media
28361,bsm studio
37432,bow and arrow
23868,tiberius
29700,aunt max
30997,lascaux
30998,latitude
49983,mattel
53592,dolphin
52924,sly predator
52925,matt baer
68506,gold star
74208,lotus entertainment
49096,yong
32554,bloom
79791,nice guys
79792,misty mountains
47729,stx
80834,route one
88607,union investment partners
88608,site
88609,willie s movies
36614,senator
41648,freerunning
41649,melbarken
76992,saban
82423,cowtown cinema ventures
45424,heart soul production
45425,beijing silver moon
32542,starburns industries
15383,tatira
32551,world view
86420,considered
86421,robson orr
86422,fiore group
86423,windsor media
28200,ninjas runnin wild
73666,covert media
90185,billblock media
85283,los angeles media
1157,les cinémas de
2700,rectangle
30666,rt features
24459,fabula
60255,half circle
11307,the donners
30148,bona film group
53151,tristar
77863,studio
92392,606
92394,well go usa
92395,rumble
22107,sierra affinity
13470,inimitable
32243,peapie
53060,david dobkin
9225,blinder
12398,chic
20580,amazon studios
37812,westerly
46421,revolver amsterdam
86900,tik
81620,tencent
13240,bron studios
36733,film art media
78549,white hot
86901,ingenious senior film
86902,embankment
62196,worldwide media conspiracy
72165,perfect nose
75652,soul mining production
19658,jackie jj production
36958,sparkle roll media
74456,home media entertainment
74457,tencent video
74458,china film tv
74459,visualizer film
15285,lightbox
37209,4 cats
86128,blind man
51164,whitaker
77739,bergsten music
78217,red hawk
42694,shri sai raam
67574,space rocket nation
14446,infinite frameworks studios
33769,freedom media
80835,route one
48738,campbell grobman
91929,criminal
51570,krautpack
5542,toei animation
54454,allegiance theater
11305,saban brands
52053,high frequency
8875,pretty
11922,taxshelter be
73536,senator global
73537,kvinde
73538,revision
73539,copenhagen film fund
83036,joint effort
77208,gama entertainment partners
5717,electric dynamite
21623,rip cord
61933,londinium
14638,forest whitaker s
58445,iamother
40818,loull
8858,netflix
15433,orange studios
41042,citymation
59725,on
60658,zippcast
34456,rooks nest
41641,maiden voyage
57430,pulse
61011,scythia
79434,code red
79435,mott street
79436,very special projects
86024,speedie distribution
48873,le vision
86433,legendary east
86434,kava
88686,chartoff winkler
53247,impostor
1976,film science
11667,northern ireland screen
73492,madriver
79963,keep your head
42421,rocklin faust
75807,first look media
73249,pellikola
49301,toho
14439,arad
44311,steven paul production
88981,seaside
92138,amblin partners
93466,weying galaxy
12154,fox star studios
18595,espn
2094,majestic filmproduktion
5754,rat pack filmproduktion
6938,iris
88045,fred
73620,saville
8698,hi film
70098,klas
80500,endorfilm
19548,haven
71170,the cantillon
71171,the shuman
55244,fundamental
69411,kendrick brothers
81175,illuminati
86699,maddock
12686,forecast
50083,solofilms
50084,jobro productions film
78218,trinity race
16313,open road films
76314,riverstone
83871,perfect world (beijing) pictures co
8915,pandemonium
79916,demarest media
77973,lord miller
85983,lego system a
73079,versus
68620,good
53678,corner work
5899,mgm
69542,ahimsa
51860,ai
69579,phantom four
60843,transfilm international
68738,black hangar studios
49825,nicholas sparks
49055,wsb
43155,buckeye
16322,itaca
30531,bn
56735,brightside
56736,1019
65927,yoruba saxon
67069,weimaraner republic
49607,msm motion
53252,saraswati entertainment creations
1047,younger than you
37765,verdi
86096,bruce cohen
75932,raindog
78177,spectrum effects
79566,pin high
89486,dream factory group
89487,mandoo
89488,huayi tencent entertainment
89489,eracme
82673,shivhans
82674,post haste digital
38426,cmp
50498,k period media
50499,b story
72695,the affleck middleton
50501,sunstar
65442,beijing dengfeng international
65443,chunqiu time co
65444,nanking military area
59827,patrick aiello
67776,silver plane
67777,mass hysteria
67778,tri vision
64854,greencard
71894,bank street
71895,supermarché
12520,laokoon filmgroup
48581,hungarian national film
8152,doha film institute
18626,kinology
22627,film und medienstiftung
51696,cg cinéma
72918,vistamar filmproduktion
72919,uhlandfilm
72920,bam
72921,turkish culture ministry
2586,caracol televisión
44391,buffalo
51701,buffalo producciones
72691,nortesur producciones
72692,ciudad lunar producciones
72693,dago garcía producciones
72694,mc producciones
11924,casa kafka
32545,twenty twenty vision
88099,casa kafka pictures
92187,proximus
1892,bhansali
63187,junglee
16079,star media
77442,интерфест
77443,реал дакота
69483,maxlab entertainments
53155,tiny giant
60263,raindog
62029,fremantle
73669,seven bucks
90835,uncharted
53299,image nation
58546,ripken
62230,pinewood
89818,wildgaze
9351,fade to black
94,arte france cinéma
16259,poisson rouge
48663,detailfilm
79343,vortex sutra
53804,waadi animations
83223,ary
83224,soc
87733,closed on mondays
89473,perfect world pictures
6623,caramel
91331,main journey
86356,modern people
68117,giving
8781,new line
13554,matter
32555,netter
20243,thaba media
65734,azari media
77939,blackbird
78874,tadmor
79986,pure flix
758,tv2 danmark
75414,zentropa entertainments20
44306,rockline entertainments
59293,kabir khan
59294,salman khan
63051,lucky man
59387,hengdian chinese film
59388,beijing weiyingshidai culture
73567,coproducción españa argentina
73568,k s
50491,capacity
50492,may day movies
60016,rice
92143,triad film works
92144,beatnik
88548,story ink
11835,y not studios
72299,вольга
64359,zeta zinema
66728,rajshri
65359,flashlight
9044,v creations
55821,2d
60227,two oceans production
10159,nwave
10160,illuminata
24012,indomitable
31279,potemkino
43274,hurricane
513,cosmo
42379,filmwave
68417,distressed
89687,rohit shetty
23437,k5
86041,inkjet
72028,mindstream
12466,wunderbar
14143,grass root film
35124,lyca
70186,finding cinema
1666,rhône alpes cinéma
78935,cofinova
78936,cinémage
85253,soficinéma 11 développement
1618,komplizen
16110,südwestrundfunk
52412,coop99 filmproduktion
77154,knm
77155,monkeyboy
79268,hifilm
67254,kaap holland
3942,hari om entertainment
35063,cape of good
37732,wytwórnia filmów dokumentalnych
72890,telewizja polskat(koprodukcja)
74691,polski instytut sztuki
74925,platige image
74926,hbo polska
54226,france télévisions distribution
85823,archery
78996,huayi brothers
8186,bliss media
84751,endemol shine studios
85768,jackie productions
54950,pastel
71966,bling unplugged
72023,endemol india
78688,blue waters motion
78691,kross
3408,twentieth century fox
81442,cinemascópio produções
72091,beijing going zoom
90633,shan dong satellite
90634,mango
90635,j q
90636,nextainment pictures
83024,levantine
73777,full on studios
93047,pauly jr
73436,shinework media
73437,taihe
23735,mann made
76991,highland film group
91797,hutch parker
22997,légende
87502,blagbuster
87503,le 12e art
87504,c2m
72933,bron creative
79426,macro
309,angoa agicoa
6961,rouge international
24430,be tv
33956,la wallonie
49473,frakas
52596,ciclic région centre
72497,bruxelles capitale
88100,voo
88101,arte cofinova
88102,torino film lab
4621,gébéka
7034,rita
42171,blue spirit animation
7435,phantom
75835,bigben
75836,vinoothna geetha
57752,nord ouest
27497,star thrower
68413,acacia filmed
82925,nvizage
20064,new
16076,newgrange
59365,paradox
76778,paulilu
63484,awesomeness
89578,grade a
78259,ashutosh gowariker productions
13161,tea shop film
63443,the fyzz facility
79822,flexibon
34307,pandastorm
85732,devil s harvest
88294,andamar
85627,visible
85628,all
78597,hope
88934,monkeypaw
79808,cast n crew
82713,habit of life
8046,telefe
33916,a contracorriente
34259,pampa
34625,directv
42877,yellow black white
93065,eastern sunrise
